file_ID,sequence,length,DSSP,H%,E%
afm_3zc0D00_2.pdb,GFEELIKRTEELIEAIAKLSALLDHLRVCSTGSIAAIHAGKVTHADALLEAALALLELVKKYREYPEFYEDLCREAMQELVEAIAFKNAISGNFTFDIDLEVTPAALLNGFAAAVGELRKYALTKLREGDFESARRMLATMVHIHRYLPEARKIRESEYGILSEKVDVMAELVHRTAEAMYAAR,184,-HHHHHHHHHHHHHHHHHHHHHHHHHHHHHHHHHHHHHTT-HHHHHHHHHHHHHHHHHHGGGTT-TTTTHHHHHHHHHHHHHHHHHHHHTTT---S--S--S-HHHHHHHHHHHHHHHHHHHHHHHHTT-HHHHHHHHHHHHHHHHHGGGGGGS-GGGTTTHHHHHHHHHHHHHHHHHHTTTT-,72.82608695652173,0.0
afm_d1t8ka__0.pdb,IEEETKDLIAKGLGVDESEVTPEAIFLADLGATLEELETLIKALEEKFNIEIPDVIAKLIKTVAGAINYIKVFPS,75,-HHHHHHHHHHHHT--TTT--TT-BTTTTS---HHHHHHHHHHHHHHTT----HHHHTT--BHHHHHHHHHHS--,53.333333333333336,0.0
afm_7K00O_8.pdb,MLSLEMNLSLCLEFGRSPDDFDSMHVQIALRTEQIKRMTGYMNKKPLAVNLATEAFHLENERDILLETLGKLEHECYKRMVEKLGLEN,88,---HHHHHHHHHHHSSSTT-TTSHHHHHHHHHHHHHHHHHHHHH-TT-HHHHHHHHHHHHHHHHHHHHHHHH-HHHHHHHHHHHT---,76.13636363636364,0.0
metric_3fkhD00_1.pdb,MKVALHALKTLSRGVLAAPKGESYLLERVDFVVHDGTIWMLTTRATNMLSSGVDRSVLFVAGKKLDGFGFIYLYSGKLEILNNEERSQIAARMDVSSVERAEKLKLMRIVLEEITINFETL,121,-HHHHHHHHT--EEEEEEEETTEEEEEEEE-EEETTEEEEEES-HHHHTTS---SEEEEEEEEEETTEEEEEEEEEEEEE--SHHHHHHHHHTT---SS--SS-EEEEEEEEEEEEEEEE-,17.355371900826448,52.892561983471076
metric_d4a5xa__6.pdb,GLAAAEELENFGKEMEKGGVLFAAYYYYTKAAELYMEAGKKLNCHAVFAKVLKKAEEWKLKALELKNKLLSV,72,-HHHHHHHHHHHHHHHHTT-HHHHHHHHHHHHHHHHHHHTT-S-HHHHHHHHHHHHHHHHHHHHHHHHHHT-,84.72222222222221,0.0
afm_5hvoA02_6.pdb,PDLFTDGLKSPKVQNRIASLENKFQGTKLMVSYDLLHPRKGIPQKLLALDVFLHKAPEWLGKVVLVQVAYPTCAAFPEAQELRRVVRTLVVCINLNYASKDYVPIDFQPRPCSQDEIIALYAASDACVVSSTYDPPNPSSTIYIATQQKRKGVLILSSLAGAATRLPGAMVANPWNIEELARAYCGAVCAPPFHRECMFEQLYAAIST,208,-HHHHTGGGSHHHHHHHHHHHHHTTTSEEEEEEEESSGGG-HHHHHHHHHHHHHH-GGGTTTEEEEEEEE---TTSHHHHHHHHHHHHHHHHHHHHH-BTTB-SEEEE-S---HHHHHHHHHT-SEEE---SSBSS-HHHHHHHHTTTTT--EEEEETTBGGGGTSTTSEEE-TT-HHHHHHHHHHHHH--HHHHHHHHHHHHHHHT-,46.63461538461539,14.903846153846153
afm_5T76A_5.pdb,EPTKMYAEAVSMKNGLDIMEYVVKSQTAPDKEVQKLIAEMGEKLDGAKIPEEQKKKLRETLKSLKKVMDDLDTISRAAVTARNALKIQQFIASNPNQPLVILEMESGAPANALRATLSMFATASPQTSAMLFTVDNEAGKITCLCQVPPWVAQRILLAFAWVASIAGIMIGSLSGGATSAQATGTNVGCLQEALQLATSYAQLNLGD,207,-HHHHHHHHHHHHHHHHHHHHHHHT-SS--HHHHHHHHHHHHHHHT--S-HHHHHHHHHHHHHHHHHHHHHHHHHHHHHHHHHHHHHHHHHHHSTT-SEEEEE--TT--HHHHHHHHHHHHHH-TT-EEEEEEEETTTTEEEEEEE--HHHHTTT--HHHHHHHHHHHH-EEEEE-SSEEEEEES-GGGHHHHHHHHHHHHGGGS--,59.42028985507246,14.975845410628018
afm_d6am3a__1.pdb,PTREEVLSWSSSAALMPTDPAIRNLFRLFLREEYSEENLLFVLACLDLAATPNKKVQEEKARMIYEDYISPDSPKHIPLPPYECAKIAAYYPKPVPDMFVDAMKVIWTRLARESFPRFLNSPLYGEFLLTS,131,--HHHHHHGGG-TTHHHHSTTHHHHHHHHHHHTT-THHHHHHHHHHHHHT---HHHHHHHHHHHIIIIISTTSTT-----HHHHHHHHHHTTS--TTTTHHHHHHHHHHIIIIIHHHHHT-HHHHHHHHT-,59.541984732824424,0.0
metric_1c4kA04_0.pdb,PWAIDDYMRAVEWLFTDRYQPELVITEGIAWGFFLAGAYDIVLAEHALGRIVVVFIVTYPPGIPIARPGERVTELTVHTILIVIEQMNLAPGQVAEVQGVWYFGGIERLYIGLVVVNDVLRNHDPRYL,128,-GGGGTHHHHHHHTTSGGG---B-S-HHHHHHHHHTT-EEEEEGGG-TT-BB-S-EEEETTTEEEE-TTBB--HHHHHHHHHHHHHHHH-TTS--EEESSEEEEETTEEEEEEEEE-HHHHHT-TTT-,28.90625,23.4375
metric_6S0Xt_9.pdb,PLEENRYSRDALTRLAREVARWRPAGFVTLCLRAAHGHNLFADFFARLAVAVLEAFALTDLLPRAALSAVDACVRRRD,78,-HHHHHHHHHHHHHHHHHHHHHHHHHHHHHHHHHHTTT-TTHHHHHHHHHHHHHHHHTTTSS-THHHHHHHHHHHHH-,80.76923076923077,0.0
afm_5Z51A_5.pdb,TPGLARLAVRAAMGAPALAGEYFDILRREGFTDPAAAAAHAALKRAGGTTLNVSGRVAWLLYCHQTDDPRTREVVDYAVFHPVPAGPARLPFVVEIAVASVRVYVLAKELEEVAKKVANPDPIKEGEEMDKWKIEMTTLTAWLVSEGHVATGVVALLG,158,-HHHHHHHHHHHHH-HHHHTHHHHTS-GGG--SHHHHHHHHHHHHHT-GGG---HHHHHHHHHTT---HHHHHHHHHHHTS--S--TTTHHHHHHHHHHHHHHHHHHHHHHHHHHHHHS--TTTTTHHHHHHHHHHHHHHHHHHHHHHHGGGGGG---,67.08860759493672,0.0
afm_4acfA01_0.pdb,SPEEVLNQVLTGHYGKVKMVWKEMNGNEYSVTIPASLMDERVFDNGVVYPIDKIPISYPLNNPLGVCIPDPSTASADRTTELPALKIMCRRVHPLTLAIWYGD,103,-HHHHHHHHHHTT-SEEEEEEE-TTS-EEEEEEEGGG-STHHHHT-EEE-GGGSTTS--TTS--EEEEE-GGG-EE--S-SS-EEEEEEEEE-TTT--B-TT-,13.592233009708737,32.038834951456316
afm_d3o07a__6.pdb,LKGGVIMDVVTPYQALLAELSGACAVMALESIPADMRKSGKVCTMSNPYMIQEIMKAVSIPVMAKVRIGNFLEAKLLEKLEVDYIDESEVLTPADWTRHIPKHKFKVPFVCGAKDLGEALCRISEGAAMIRTKGEAGTKDSREAVKHIHRIQEEIYACAQLKHPEEIRKVAAEMNIPPSLLKDVLEKGKLPVVNFAAGGVATPWDAAELMRAGCDGVFVGSGIFKSSNPARLATAVVEATTHLYDPQAIAEVSSDLGEL,259,-TTSEEEEESSHHHHHHHHHHT-SEEEE-SS-HHHHGGGT-------HHHHHHHHTT-SS-EEEEE-TT-HHHHHHHHTTT-SEEEE-TTS--S-SS----GGG-SS-EEEE-SSHHHHHHHHHTT-SEEE----SSS--THHHHHHHHHHHHHHHHHTT--SHHHHHHHHHHTTS-HHHHHHHHHHTS-SS-EEB-SS--SHHHHHHHHHTT-S-EEE-GGGTSSS-HHHHHHHHHHHHH-TT-HHHHHHHTSS----,40.54054054054054,11.583011583011583
afm_d3rwoa__3.pdb,IDKVARIVLLGPPGVGKSNLLSRFTTDEFNIESKSTRRITSASRQIEYDIIKIDAIIEDHRGILKNREITSRLYRNADGALIVYDISNIGSFELCQAVLNLLRQNADDWVVVPLIGNKSDLAHLRRVPPEQAFGQAGRNLMGYAETSALNSDDVDCAFGSLIAAIVLTR,169,--EEEEEEEES-TTSSHHHHHHHHHT----SS-------EEEEEEEEETTEEEEEEEEE--S-TT-HHHHHHHHTT-SEEEEEEETT-HHHHHTHHHHHHHHHHHS-TT-B--EEEE-TT-GGG--S-HHHHHHHHHHTT--EEE--TTT-TTHHHHHHHHHHHHHHH-,34.319526627218934,23.668639053254438
metric_4b0fB00_6.pdb,HIGIAAGFGAFLFRSRSAYAPALAARYVSLHAHCLELGKEAADARKLLAHL,51,-HHHHHHHHGGGSS-HHHHHHHHHHHHHHHHHHHHHHHHHHHHHHHHHTT-,80.3921568627451,0.0
afm_d2j5ya2_6.pdb,LLEEILNGFKNLALATMMAAGINVAKYYTAIANAKTPYEAAEIALEALNKFA,52,-HHHHHHHHHHHHHHHHHHHT---HHHHHHHHT--SHHHHHHHHHHHHHHT-,78.84615384615384,0.0
metric_d6hcia__3.pdb,GPAPTVLCSMQDGTFPVGTTATFNFNISSTPPGNYSWTHNIGLLTTIRKKHMLWSQTSGVSIVLDNVEPLEAGTYTCSYSSPAGSASTSACLTVTSM,97,----EEEE----EEEETTS-EEEEEEEE-SS--EEEEEETTEE---TTTEEEEEETTTEEEEEESS--GGG-EEEEEEEEETTEEEEEEEEEEEE--,0.0,58.76288659793815
afm_d5tzma__5.pdb,CLHIAVPLSDRTVPAISRATFRVVLSHEVPESHFQWTLDGELLTPDDPRWSLRVEGLFASPLMNAPTSKDGGRVTFLAYDQCSTALFTVN,90,---EEE----EEE-TTS-EE--EEESS---GGG-EEEETTEE--TT-SSEEEEEETTEEEEEESS--GGG-EEEEEEETTEEEEEEEEE-,0.0,50.0
afm_4i17A00_2.pdb,TDPKVLKALGLEALDHKNYRVAYGYYSEYLKLTDYSDAVTNYNCGVCADNIGRSDEAAMYFKRAIALNWNIANAAIGVAAAYCKQLNTTEYIGTLNAALLNVPGNATIEKLLAIAYLKQGNRAQAAGDIATAEHNYNKACQVSSKKWQTDALYSLGVLFYNNGAEILAAATPMARKDKAVYAAHVATAKAAFAKALEALQRAVSLSPNRTEIKQMIDQVNAMF,223,--HHHHHHHHHHHHTTT-HHHHHHHHHHHHHHTTT--HHHHHHHHHHHHHTT-HHHHHHHHHHHHHTTSSHHHHHHHHHHHHHHTT-HHHHHHHHHHHHHHSTT-HHHHHHHHHHHHHHHHHHHHTT-HHHHHHHHHHHT-SS-HHHHHHHHHHHHHHHHHHHHHHHHHHHHHTTT-HHHHHHHHHHHHHHHHHHHHHHHHHHHH-TT-HHHHHHHHHHHTT-,80.26905829596413,0.0
afm_d2oxqc__7.pdb,PKPKTLCPLCKEMLRNPVECPSGVVFEASHIFCYLRAYGKTDPVTKEYCSESQMVRDLAMAIVLAFELYFS,71,--GGGB-TTT--B-SSEEE-TTS-EEEHHHHHHHHHHH-SB-TTT--B--GGG-EE-HHHHHHHHHHHHT-,32.3943661971831,11.267605633802818
metric_6EOUA_2.pdb,MLLLSSILFQCRLYLKSLKASYSALRGNPLLAEAVSNAGNACKELGLLKFAIGFYQKALELKPFFIDGWINLAAALVAAGDMNNAIMAYTCAIAVNPDLYCVKSDAGNLHKAQGKLIYAPVLYQEAIKTQPNFAVAWSNLGCVFNAQGEIWLAIHHFEKAVTLDPNFLDAYINLGNVLKEARIFDRAVAAYLRALSFSPNHAVVHGNLACVYYEQGLYDLALLTYAPAAELQPHFPDWACNTANLCKECGQVDFAEAFYELALELCPTHADSLNNLANIKREQGNIEEAVRLYRKALEVFPEFAAAHSNLASVLQQQGKLQEALMHYKEAIKISPTFADAYSN,343,-HHHHHHHHHTT-HHHHHHHHHHHHHH-TT-HHHHHHHHHHHHHTT-HHHHHHHHHHHHHH-TT-HHHHHHHHHHHHHTT-HHHHHHHHHHHHHH-TT-HHHHHHHHHHHHHTT-TTTHHHHHHHHHHH-TT-HHHHHHHHHHHHHTT-HHHHHHHHHHHHHHSTT-HHHHHHHHHHHHHTT-HHHHHHHHHHHHTT-TT-HHHHHHHHHHHHHTT-HHHHHHHHHHHHHHSTT-HHHHHHHHHHHHHTT-HHHHHHHHHHHHHH-TT-HHHHHHHHHHHHHTT-HHHHHHHHHHHHHH-TT-HHHHHHHHHHHHHTT-HHHHHHHHHHHHHH-TTHHHHHH-,77.84256559766763,0.0
afm_d3ldza__5.pdb,NPFDPLVELATSEDNTEEVVSAIMFICELVGQSRTGPKDCLRSIMRRVNHKDPHVAPQALRLLEACMARCGKIFLKEVFSPEFMAMAAKVLTSGHPEVCARLKKIMKSFAIYYKDDPELQNFQAMLNVMNPFGQTFP,137,--SHHHHHHHT-TT-SS--HHHHHHHHHHHHT-SSHHHHHHHHHHHHHT-S-TTTHHHHHHHHHHHHHHS-HHHHHHHSSHHHHHHHHHHHHHS-HHHHHHHHHHHHHHHHHGGG-GGG-HHHHHHHHHGGGT----,67.15328467153284,0.0
metric_d7jjka__6.pdb,MTALAEFVAFLLKCWVAKALFSGLNDAEVSACIRAVVANLSAEEAYRAVVHAANLLLLKLLN,62,-HHHHHHHHHHHHHHHHHHTSTT--HHHHHHHHHHHHHHS-HHHHTHHHHHHHHHHHHHTT-,79.03225806451613,0.0
metric_3shgB00_6.pdb,NTVAELEVRRRAVGAAIAAGRRHGAHVDPGTVRAAFGYVLGKISWDEVLRALLLRAL,57,--HHHHHHHHHHHHHHHHHHHTTT----HHHHHHHHHHHTTS--HHHHHHHHHHHH-,73.68421052631578,0.0
afm_1xawA01_1.pdb,DQQRQLYKRNFDTGLQEYKSLESVFEELACEQAKMHTEIVDYRPESEEAKAAVKELAKLNIKIASPENGIKAEHIEQLASKLTKIQSEVDKYDKV,95,-HHHHHHHHHHHHHHHHHHHHHHHHHHHHHHHHHHHHHHHHS-TTSHHHHHHHHHHHHHHHHHHSHHHHHHHHHHHHHHHHHHHHHHHHHHHHH-,91.57894736842105,0.0
afm_d3ldza__6.pdb,NPFDPLVELATSEEDTAINGGAVPAIACSVGSDRTGPKDCLRSIMRRVNHKDPHVAAQALTLLLACIVCCGKIFHLEVASPWFCRLACEVLDKGHPWVCHILKKVMKIAIKIFSSDPGLNVIATAIALAEAFGITFP,137,-TTHHHHHHHT-TT-SS--TTHHHHHHHHGGGSTTHHHHHHHHHHHHHT-SSHHHHHHHHHHHHHHHHHS-HHHHHHHSSHHHHHHHHHHHHHS-HHHHHHHHHHHHHHHHHHTT-GGGTHHHHHHHHHHHTT----,68.61313868613139,0.0
afm_d1seda__4.pdb,LDELKKLLELKGKMAASQFDMDKDPFTALLIDKGLTKEEGEAVMKECHILQLAYACALALGYYTQPGLLEAFALNLNKKLDVHETIFALLEQGIYRALMHNFIEIMKHFD,110,-HHHHHHHHHHHHHHHTTS-TTT-HHHHHHHHTT--HHHHHHHHHHHHHHHHHHHHHHHTT----HHHHHHHHHHS-TTS-HHHHHHHHHHHTSSHHHHHHHHHHHTTT-,70.9090909090909,0.0
afm_3gdwA00_5.pdb,SNANVGVFVLMHGESTASSMLKRAQCNTGANIGTAMNMPPTMPQREMGEQLINQVLLQKELLNNGILMLYDLDSLADFPLQLEARTGIPTLGIRNTSYRIVELAIGNAIAGKSLEEIWGEIINIRHLAECIR,132,-----EEEEEEESSSHHHHHHHHHHHTTT----EEEEE-TTS-HHHHHHHHHHHHHHHGGG-TT-EEEEESSGGGTTHHHHHHHHH-S-EEEESS--HHHHHHHHHHHHHT--HHHHHHHHHHHHHHHHHH-,50.0,15.909090909090908
metric_2vkjA00_0.pdb,ADILAHAKLAVDTGAALHGMLVLPYEEFMALVEEKGLYVPFIEGAPQLQALIMLSEADIVACNGLFVKALELAKEALKNAIEPAIKNTAKAMIEACEANL,100,-HHHHHHHHHHHHHHHHHHHHHS-HHHHHHHHHHHT---TTGGGHHHHHHHHHHHHHHHHHTTT-HHHHHHHHHHHHHT--SHHHHHHHHHHHHHHHHT-,78.0,0.0
afm_1z08C00_6.pdb,PYYFKVVLLGPPICGKTSLVLRYCENKFNDNPIDTSGASSLQVTLNICGKPVFLEIWDTAGGHCFKNLGPIYYKDSNGAILVYDGTIPTSFYEVLNWVKELRKVLGPQICLCMVINKMDLYHARHVPPTRFFEYSESVGAMGYNVNAKQNINIEALFNDLCCNMI,165,-EEEEEEEE--TTS-HHHHHHHHHTS----S----S-EEEEEEEEEETTEEEEEEEEEE--GGGGGGTGGGGTTT-SEEEEEEETT-HHHHHHHHHHHHHHHHHT-TTSEEEEEEE-GGGGGG--S-HHHHHHHHHHTT-EEEE-BTTTTBSHHHHHHHHHHTT-,27.878787878787882,27.878787878787882
metric_4gytA00_3.pdb,SLHLPKYEDFRKSIRHLSLPMTVAELHGIMCGYLCAGDITGGLAYIDQLMIGNATPESLNGLLSMPSVFSISQQQMNNPDFEFEMLLPDDDASLSERARALIVWVEGFTQGLTIAGWGMSRLMHPFAQAALKFLMHLAQLDPLDTPKGPHGEVALTHLSHFTRLAVEMLHHEMRARG,177,------HHHHHHTTGGGT-SS-HHHHHHHHHHHHHHT-HHHHHHHHHHTTTT--SHHHHHHHHHHHHHHHHHHHHHT-TTS--------TTS-HHHHHHHHHHHHHHHHHHHHHHT-SGGG--SHHHHHHHHHHHHHTTS-GGG---SHHHHHHHHHHHHHHHHHHHHHHHHHHH--,63.84180790960452,0.0
metric_d3gqba4_4.pdb,MSEMDPFYRENVAEDYPELRDAILELMLRAAELLERVGMVGPHYFPPEMKLVIEVAKIIIEDGLKRNLYHPIDRFWSPKKEYGIMKMILAFYKEALAAIKRIVPIEEILTLPALDAIHNARYVPEALFPLYFEEAMKRIQSEFKKLV,147,-GGGHHHHHHHT-TTHHHHHHHHHHHHHHHHHHHHHHHHH-GGGS-HHHHHHHHHHHHIIIIII---TTSTTTTS--HHHHHHHHHHHHHHHHHHHHHHTTT--HHHHTTSTHHHHHHHGGG--TTTHHHHHHHHHHHHHHHGGG--,62.585034013605444,0.0
afm_5mfoF00_2.pdb,FPGEVLPTLVAVLSSPDQEVLLQALRQLVKAAKGGNEQIQAVIDAGALPALVQLLSSPNLEILLAALAALNVIASGGNEQIQAVIDAGALPALVQLLSSPNPVIVLAAANALANIASGGNEQIQAVIDAPALPALVNLLGMPSPVQHGAALTALSNIASGGNEQKQAVKDCSAAPALEVLCTGPLKAIAEKAQEALEKIQS,201,--TTTHHHHHHGGGSS-HHHHHHHHHHHHHHHTT-HHHHHHHHHTTHHHHHHHGGG-S-HHHHHHHHHHHHHHTTS-HHHHHHHHHTTHHHHHHHGGG-S-HHHHHHHHHHHHHHTTS-HHHHHHHHHTTHHHHHHHHHT-S-HHHHHHHHHHHHHHTTS-HHHHHHHHHTTHHHHHHHHTTSSSHHHHHHHHHHHHHHH-,72.13930348258707,0.0
afm_5T76A_3.pdb,PAGEAMVATVELRKCVVVMHKKVTAQTAPNKDVQREIIDLSKAIDEAPNPATEKTVLGGQIANLEKRMTALDVTKAAVYQCSLRIAILNVINHKPNQPLVILEMISGADMLALHSAVLAANERAPDTSVMLFTVDNESGTITCVCGIPNSLVERGLKALEWVQQVSGLMDGTGAGNEYAAWASGKNVGCLQEALQLATSFAQLRLGD,207,-THHHHHHHHHHHHHHHHHHHHHHT-SS--HHHHHHHHHHHHHHHHS---HHHHHHHHHHHHHHHHHHHHHHHHHHHHHHHHHHHHHHHHHHHSTT-SEEEEE--TT--HHHHHHHHHHHHHH-TT-EEEEEEEETTTTEEEEEEE--HHHHTTT--HHHHHHHHHTTTTEEEEE-SSEEEEEES-GGGHHHHHHHHHHHHHTT---,58.454106280193244,14.975845410628018
afm_3adgA00_8.pdb,YKYVKIGLQIIADIRNLPAPVYQILESGPSHKVLFQSTVVLDGVAYNSEPGFFNRKAAEGNAACVALREL,70,--SHHHHHHHHHHHTT----EEEEEEES-TTS-EEEEEEEETTEEEE--S-BSSHHHHHHHHHHHHTTT-,32.857142857142854,27.142857142857142
afm_6ne2B00_4.pdb,PEILDERLIKAAKDGDLVLVMATLALGADVNASDHSGETPLHAAAKNGHKEVVKLLISLGADVNAQSKDGSTPLDAAAASGHKEVVKLLISKGADVNAVNTYVNTPLFAAARYGHKEVVKLLISKGADVNAKSANGNTPLIIAVLLGHKEVVKLLLSKGADPNTSDENGITPRDAAADVDAVEVLKLLHSGY,192,-HHHHHHHHHHHHHT-HHHHHHHHHTT--TT---TT---HHHHHHHTT-HHHHHHHHHTT--TT---TT---HHHHHHHHT-HHHHHHHHHTT--TT---TTS--HHHHHHHTT-HHHHHHHHHTT--TT---GGG--HHHHHHHTT-HHHHHHHHHTT--TT---TTS--HHHHHHHTT-HHHHHHHTT--,52.604166666666664,0.0
afm_d2hj2a1_5.pdb,GPAPEAYAAAIERALREAALNQDPDAVYVFRTVAVDNALMVAGALTTRADIDFRALARRVMVELGATSDLTGANATTTDVAVAVGHVPEEFLRHVL,96,--SHHHHHHHHHHHHHHHHHHH-TT-EEEEEEEEETTEEEEEEEEE-SS---HHHHHHHHHHHTT--BGGGTB-TTT-EEEEEEE---HHHHTTT-,35.41666666666667,26.041666666666668
afm_d2hyva__7.pdb,FDPERDARLLATACSVPGGEHNTIANILTNRSNAQRQQIIAAALGLTGRDLVSMLKSATSGILLTVIMGLLMPPSVYDAVELYASMKGLGTDEDSLIEIICSRTNQELQDIKDNYYSMYGTTLEDDIISDTSGDFRKLMVALAKGRRAEDGSVIDYELIDQDARDLYDAGLNRLGTDVPKWISIMTERSVPHLQKVFDRYRSYSPFSMLESINLLVKGDLMNAFMNLVLCIQNKPLYFAHRLANSMKGKGTRDKVLIRIMVSRSEVDMLKIRSETKKVWILSLYKMIQTKTKGVGAKALLYLCGGDD,307,--HHHHHHHHHHHTTSTT--HHHHHHHHTTS-HHHHHHHHHHHHHHHSS-HHHHHHHH--HHHHHHHHHHTS-HHHHHHHHHHHHHSTT---HHHHHHHHHH--HHHHHHHHHHHHHHHTS-HHHHHHHH--HHHHHHHHHHHTS------S---HHHHHHHHHHHHHHTTTSSS--HHHHHHHHHHS-HHHHHHHHHHHTTT-SS-HHHHHHHH--HHHHHHHHHHHHHHH-HHHHHHHHHHHHTSSSS--HHHHHHHHHHTTTTTHHHHHHHHHHHH-S-HHHHHHHH--HHHHHHHHHHHTS--,71.66123778501628,0.0
afm_d1gq2a1_8.pdb,GLITGSVAVAGLLAALRITKNRLSDHTVLFQGAGEAAMAIADLIYEAMPKEGVSLTEVYRRIWMVDSKGLIVYGRASLSPRKALFAHEHPELRDLADIVAHIKPTVLIGVAGIGGAFTERILSMMAAWNKRPIIFALSTPTSKAECTAEQLYRATEGRGIFASASPFPPVVLPSGQTLYPGQANPLYVAPAVYLGAKSCGLKAPHISMYLTTAEAIADTVTENDLQEGRLYPPLSRLPAATVLIATEIAREAYRRNLASTYPPPPSLTLFIASQM,275,-HHHHHHHHHHHHHHHHHHTS-GGG--EEEE--SHHHHHHHHHHHHHGGGGT--HHHHHTTEEEEETTEE-BTT-SS--HHHHHT-BS-----SHHHHHHHH--SEEEE----SS-S-HHHHHHHHHH-SS-EEEE--SSGGG-SS-HHHHHHTTTT--EEEESS----EE-TTS-EE--EE--GGGTHHHHHHHHHHHT-SS--HHHHHHHHHHHHHT--HHHHHTT-SS--GGGHHHHHHHHHHHHHHHHHHTT----SS--SSHHHHHHTT-,42.90909090909091,10.545454545454545
afm_d1dvpa1_1.pdb,NFDELLALATSPLYPVPNFPAIVAAAEEIKQKKVTPKNAFAAIKKKMNSPNPHVSCYSLLVLESIVNLCGAPVHEEVFTPENCEMFSSFLESTPHENVRTIMLRLVQFAAEAFRNSPKYRDIQYTMDRLKGKGHTFPPLIH,141,-HHHHHHHHT-TTSSS--HHHHHHHHHHHHTTSS-HHHHHHHHHHHHT-S-HHHHHHHHHHHHHHHHHH-HHHHHHHTSHHHHHHHHHHHHH-S-HHHHHHHHHHHHHHHHHGGG-TT--HHHHHHHHHHHTT--------,69.50354609929079,0.0
afm_2x49A03_7.pdb,LIEEATRAMLYAMEKEYPWLVREVMSYVPLHMILTLLQILKCAGVSINDIKKILEAIAKWAQYVKDPVELAHLLMGDLKENMLKNA,86,--HHHHHHHHHHHHTT-HHHHHHHHTTS-HHHHHHHHHHHHHHT--S--HHHHHHHHHHHHTT---HHHHHHHHHHHHHHHHHHT-,74.4186046511628,0.0
afm_4i17A00_9.pdb,TNPDALYYSGQKALNAKNYAVAYQKYSEYLKLTDYSDAVTAYNCGVCALNIGRAEEAAYYFKLALAPNYNVANVAIGLSAAYCAQINITEAINTLCSALNLVPGNATIEKLYAILGLKCGENAQNIGDVEKAASNYKLAGGVTSKKWRTDAAYSNGVLFYNAGADYLAIMTPLASNDKEAYAIAATKAREAYIKAARALKKAVDLSPNRTEIKQMLDQAYAML,223,--HHHHHHHHHHHHHTT-HHHHHHHHHHHHHHTTT--HHHHHHHHHHHHHTT-HHHHHHHHHHHHTTT-SHHHHHHHHHHHHHHTT-HHHHHHHHHHHTTTSTT-HHHHHHHHHHHHHHHHHHHTTT-HHHHHHHHHHHTTSS-HHHHHHHHHHHHHHHHHHHHHHHHHHHHHTTT-HHHHHHHHHHHHHHHHHHHHHHHHHHHH-TT-HHHHHHHHHHHHT-,78.9237668161435,0.0
afm_6MQ5A_7.pdb,PHPAMEACLALVLGKNVLFRLGHGQKLIDIFSNPKLLKDAHKDQTMLDKLVDGLATSWVNSSNYKVVLLGMDILSALVTADGPQFAAQIGTVLPSLIDRLGDAKDSVREQDQTLLLKIMTEAATPQEVWDRMLGGFKHKNFRTREGICLCLIATLNALGAQYLTLSKIVPHICNLLGDPNPQVREAAMDSLVEIYRHVGWRVLEDLYKKGLPPAIMNRITCRCENVRDRGNMIQ,234,--SSHHHHHHHHH---HHHHHHTHHHHHHHHT-SSTTTTTTS-HHHHHHHHHIIIIIGGG-SSHHHHHHHHHHHHHHHHHHGGGGTTTHHHHHHHHHHGGG-S-HHHHHHHHHHHHHHHHHTS-HHHHHHHHGGGGG-S-HHHHHHHHHHHHHHHHHT-GGGS-HHHHHHHHGGGGG-SSHHHHHHHHHHHHHHHHHH-THHHHHHHTTT--HHHHHHHHHHHHHHHHHT----,64.95726495726495,0.0
afm_d1u7ba1_2.pdb,MFFAVLPQASILKKMLEDTVPHIPEACWHIYPTGVLLYSADESRQAVYVRGLPASQFHFWYCDRPLAMGVNLDSMYKILLQADNEDEIGLNAEDNADTLDLYFHAPNGVTGQYFTMKLMDLDVEPR,126,-EEEEESSHHHHHHHHHTTTTT-SEEEEEEETTEEEEEEE-TTSS-EEEEEEEGGGSSSEEESS-EEEEEEHHHHHHHHTTS-TTSEEEEEE-TT-SEEEEEEE-TTSS-EEEEEEE---------,13.492063492063492,43.65079365079365
afm_d1xqra1_7.pdb,RGPRDEVEQMKHIIELGRSPHPPTANDEEKAAYRHLIGVALTYLILLCRNEDMAADFQQLRGFAILVHHCLDHGSPEVRVLAATLIILCSHNVAAIQEAVLRDGALPKLLRLADREASPAVRGAALVAIESLVREQEAGLLQFLRLDGFSVLMRLMQVSDPNLALNCARVLQNLLVGHPEHKETLIRMGMIRQLVALVRTDHGPFHEHVLGALCSLVTDFPLGVTHCQSPSLQLAELLRHRCQLLQQHEEYQEELEFCEKLLQTVAS,267,---HHHHHHHHHHHHHHT----SS--HHHHHHHHHHHHHHHHHHHHHHTSHHHHHHHHHTTTHHHHTTTGGG-SSHHHHHHHHHHHHHHHTT-HHHHHHHHHTTHHHHHHHHHHH-S-HHHHHHHHHHHHHHHTT-HHHHHHHHHTTHHHHHHHHT-SS-HHHHHHHHHHHHHHHHH-GGGHHHHHHTTHHHHHHHHHTS--STHHHHHHHHHHHHHTT-THHHHHHT-TTT-HHHHHHHHHHHHTT-GGGHHHHHHHHHHHHHH--,72.28464419475655,0.0
afm_3onjA00_7.pdb,MAQAALVAVQVAIQLALVAIEIARSLPPAQRAAALKVAEHVAGIMRDALAAARKAVTDVAGNLIEADALADEVAALENDLYAEVENRLRSLRYEAR,96,-HHHHHHHHHHHHHHHHHHHHHHTTS-HHHHHHHHHHHHHHHHHHHHHHHHHHHHHHHT--SHHHHHHHHHHHHHHHHHIIIIIIHHHHHHHHS--,81.25,0.0
afm_d1blxb__1.pdb,SYYADRLSGAAAKGDVNEVAILLLFFKADPDTINSQGETALLVMNFYIPALAYILLEAGASPNVQDSGGVSPVKAAARTGALETLRILVKHGADVNALDIAGNLPIHLAIREGHLEVVGFLAPESDLHHRDWTGDTPLELAQRLGAFDLARLLQAKM,157,-TTHHHHHHHHHTT-HHHHHHHHHTS---TT-B-TTSSBHHHHS-TT-HHHHHHHHHTT--TT---TTS--HHHHHHHTT-HHHHHHHHHTT--TT---TTS--HHHHHHHTT-HHHHHHHTTTS-TT---TTS--HHHHHHHTT-HHHHHHHHTT-,48.40764331210191,0.0
metric_6WRVC_1.pdb,NNHLNDEKRLLNLNLAALCKPMTRGELKKKYMEAIDADLCYLAFSRAEAENLATAIKNAVPHARLYVDGKFVVAVLESEAVLRNVSLLMDCA,92,-HHHHHHHHHHHHHHHHHHS---HHHHHHHHHHTTT-SEEEE-SSHHHHHHHHHHHHHH-TT-EEEEETTEEEEE-SSHHHHHHHHHHHHH-,59.78260869565217,15.217391304347828
afm_5T76A_6.pdb,PEEAKKWTAEFLKGLLLEMESLVKSQTSPNKEVQDLIALMGKALAEAPIPQWQKDELRETLKSLKAVMDTLDAQWKAPVGNRMMEKAAEFLQSNPNQPLVILEMESGATADALRNALEVFKAGSPQTSAMLFTVDNEAGKITCLCQIPPWAQKNGLVARAWANRVSVLMIGTSIGNAESAQITGTNVGCLQEALQLATSYAQAHLGD,207,-HHHHHHHHHHHHHHHHHHHHHHHT-SS--HHHHHHHHHHHHHHHT-SS-HHHHHHHHHHHHHHHHHHHHHHHHHHHHHHHHHHHHHHHHHHHSTT-SEEEEE--SS--HHHHHHHHHHHHHH-TT-EEEEEEEETTTTEEEEEEE--HHHHTTT--HHHHHHHHHHHTTEEEEE-SSEEEEEES-GGGHHHHHHHHHHHHHHH---,60.38647342995169,14.975845410628018
afm_5J10A_6.pdb,KVAALAARIAEYRKQEAELQAKARELEKILAVKPGLHDVATYGDMAVKQAAIRADITTYELELIWLTE,68,-HHHHHHHHHHHHHHHHHHHHHHHHHHHHHTT---HHHHHHHHHHHHHHHHHHHHHHHHHHHHHHHH-,89.70588235294117,0.0
afm_d1iiba__7.pdb,MRLILLFSRTLTLTSQLAQKMNAQAHKYEVPVAIGAFPESAAEIAGDDADVVLLAPDIRDMLPEINRLVPNVPVEIIPPELFGCQDGLGVLKAAVAAIKKAAA,103,-EEEEEEES-HHHHHHHHHHHHHHHHHTT--EEEEEEEGGGTTTTGGG-SEEEE-GGGGGGHHHHHHHSTTS-EEE--HHHHHTT-HHHHHHHHHHHHHHTT-,41.74757281553398,20.388349514563107
metric_5l87A00_0.pdb,GRKLLVAKALVYLTHPDVGLLPSAEQVRRMHAAGVSASQMEEAFRLAGRPVTQPAIAVLAT,61,-HHHHHHHHHHHHTSTTTTTS-HHHHHHHHHHTT--HHHHHHHHHHTT----HHHHHHHT-,63.934426229508205,0.0
afm_d4lfhg2_6.pdb,CPVPPDASVKAWITPVSRAFINRTGYATYVVSLYDFWPIGVYVEIYYKNSTDLAPSQTQPVVNNGCSFATQVWITVPASEAEKEYLCGVNHANNPNGKEMHKLIPPA,107,----S--S-EEEEE---HHHHHHHSEEEEEEEEEEESSS--EEEEEETTSS-B---EE---EEETTEEEEEEEEEEEHHHHTS-EEEEEE-TTSGGGS-EEEEE---,10.2803738317757,45.794392523364486
metric_5Z51A_4.pdb,TMAPECLALASAAQYPELAIPVFDRLTVEGFTTPAFADFRAAIDRAGGLPANCRGVNWVVAVMLNCDEPEAGVAAAAIATIPILVDDDRLPLYIIGVMARLGEVWLGRQIAEVISKLQRMSPIEQGDEYHALFEDLVRMQYERSMLCFLATADVGGKG,158,-HHHHHHHHHHHHH-HHHHHHHHHHS-GGG--SHHHHHHHHHHHHTT-GGG---THHHHHHHHTT-SSHHHHHHHHHHTTS---B-TTTHHHHHHHHHHHHHHHHHHHHHHHHHHHHTT--TTTTHHHHHHHHHHHHHHHHHHHHHHHHHGGGGGB--,67.08860759493672,0.0
afm_3kzqA00_9.pdb,MKAKLYYVHDPMCSYCWGVKPTIEKLKQQLPPDIEFEYVVGGLAPDTHLPMPPEMRLKLARIIACIMEETGTKFNPLFFTHHIPVRSTYQSCRAVIAAGVQNSYEQMLEAIQHAYYLLGLPPHLRVTHLYLAVKIGLDLGIFEYTMDSRYLEGVFQDQLSLAKSLGVNSYPSLVLQIDDAYIPVPVITKSTEPNLTLITTIYLENQ,206,--EEEEEEE-TT-HHHHHHHHHHHHHHHTS-TTEEEEEEE---S-S---B--HHHHHHHHHHHHHHHHHH-----GGGGTSS--B---HHHHHHHHHGGGGT-HHHHHHHHHHIIIII---TT-HHHHHHHHHHTT--HHHHHHHTT-HHHHHHHHHHHHHHHHTT--SSSEEEEEETTEEEEE---SS-SHHHHHHHHHHHHHT-,47.57281553398058,12.135922330097088
afm_d7ehpa__6.pdb,SVSLRHTQVRDDVRLRLKMLEDIAQVMEKAVPGLRVELEGVEDKVNRFEKLPAEMAAGNPPKIFDLFGGTDTAKYVKAGRLLELTPLLIAKGLKDAFPNLQEFTVDGKIYGLPTAYFVEGVFYNKQIFKQLNVDVPRTFEELMAVASRANESGFIPFAFASNDGWVANMMLNTLWVRTAGDDSVPGFVRGTRRWTDPDVAGGFQTYYYLVVRNFLQPGADGLKYAHQQYVFREGKAAMMFDGSWASAALVDAGKTKIAEDIGFFSFPDVGGKGDGMINGGYSNGYGFSASLDEQELAAAVVFIGWMYSEEMQKRQLKESGILPAMKLSDLSGVHPVIREMIQASELRQFPAFDSIVQAKVRETLEMCMQELILGKMTPEQVLDKMQKVQEDANRDMK,397,-EEEEE----GGGHHHHHHHHHHHHHHHHHSTT--EEEEE--HHHIIIIIHHHHHHTT---SEEEEETTHHHHHHHHTT-B---HHHHHHTT-GGGSS--GGGEETTEE-EEESB-EEEEEEEEHHHHHHHT-----BHHHHHHHHHHHHHTTSEEEE---SSGGGGHHHHHHHHHHHH-TTHHHHHHTTSS-TTSHHHHHHHHHHHHHHHTTSS-TTGGG--HHHHHHHHHTT-EEEEEEEGGGHHHHS-TTT-S-TTSEEEE---B-SSSSTTEEEEES-EEEEEBS---HHHHHHHHHHHHHHSSHHHHHHHHHHH---BSS--S---S--HHHHHHHHHTTSEEE--GGGTS-HHHHHHHHHHHHHHHTTSS-HHHHHHHHHHHHHHHHHTT-,43.32493702770781,14.609571788413097
metric_3f9uA00_1.pdb,LAKADSTEWGIALVFAKLLNKPMQLDYTIKWCPLCKLEDEVNDQEVILATYLNNYFVFCKLDCGDETPLPRPEVRTLWGEINTVNTKGELVYADMYYRFGITSVRRSVLVDRDGNVLYGPIGFNLNVHAHLKAAQTAMEKFLNTL,145,----SBS-HHHHHHHHHHHT--EEEEEE-TT-HHHHHHHHHTTTSHHHHHIIIIISEEEEEETT---EEEEEEEEEETTEEEEEEEHHHHHHHHHHHHH---SS-EEEEE-TTS-EEEEEE-S---HHHHHHHHHHHHHHHHTT-,37.24137931034483,27.586206896551722
metric_d1ayea2_9.pdb,GLVGWQLLEIVPSNERQINLLLVLLHGFPVGMFQAIFPTTPGETALVIVPFVYVDLVKQVLYIMGIAYSLVIKDIQQVLDGENAVMENLRNQ,92,--TTEEEEEEE--SHHHHHHHHHHTT-GGGT-EEEE---STT--EEEEEEHHHHHHHHHHHHHHT-EEEEEES-HHHHHHHHHHHHHHHHT-,43.47826086956522,25.0
afm_5J10A_0.pdb,GVALWALSILALGLQLVALELELLLLLLAALFEPSPELQAKIAALAAVLGALALTLLPNPLHLLFLTN,68,-HHHHHHHHHHHHHHHHHHHHHHHHHHHHHTT---HHHHHHHHHHHHHHHHHHHHHTHHHHHHHHTT-,85.29411764705883,0.0
afm_1j5wB02_0.pdb,VYELVANYEIWKELAKEAIKNNAYLTAKEFLKNAINTMAPLIACGILNIEQCLERMNDLTELDKELSNSALITFL,75,-HHHHHHHHHHHHHHHHHHHTT-HHHHHHHHHHHHHHHHHHHHTT---HHHHHHHHHHHHHHHHHHHHHHHHHT-,85.33333333333334,0.0
metric_1n1cB02_4.pdb,LALLLVQAALAAAHLSPAGALVVVATTVPPVFGNLSVVLAFTDLTGKGAAYAAATVLAAGAALAAAHAATSALYLG,76,-HHHHHHHHHHHHHS-HHHHHHHHHHHSTTTHHHHHHHHHTT-TTSHHHHHHHHHHHHHHHHHHHHHHHHHHHH--,80.26315789473685,0.0
metric_3mm5A01_5.pdb,MTPIVMGRTLGVVPSEVDLLNRACVAEKGMAAVGLPVPDPTFACERLLAMEEAWRLNKPL,60,--TTGGGGG-SSS--HHHHHHHHHHHHHHHHHHT---S-TTHHHHHHHHHHHHHHHTS--,55.00000000000001,0.0
metric_5jrjA02_4.pdb,GAAVILIMGLYVGAVDREGVVLHSFGAGLGVGLDGAGAHLEHAYIAAIAIAAAIVAALK,59,-HHHHHHHHHHHTSSEEETTEEEETTEEEEEHHHHHHHHHHH-HHHHHHHHHHHHHHH-,62.71186440677966,20.33898305084746
afm_d1tw0a1_3.pdb,MVGVVPVVTSTPIPPEMWYKILTKLSDEIYKYVPMPITAIFLVEGNGGVGTIKAIFAVEGDKVWMVVQKVDAIDEANLGYDYSIIGGSGLPPSLEKLSFETKVVAGSDGGAISKVLLKLHTKGEHPVSPAVINDAVEKAAGFFKALM,147,-EEEEEEEEEESS-HHHHHHIIIIIHHHHTTTS-SS--EEEEEESSSSTT-EEEEEEE-SS-EEEEEEEEEEEETTTTEEEEEEEESTTS-TTEEEEEEEEEEEE-SSSSEEEEEEEEEEESTT----HHHHHHHHHHHHHHHHTT-,17.687074829931973,44.89795918367347
afm_7K00O_2.pdb,SLTMEQMAQIVAKYGRSTSDAHHPVVQTALLYYECEIAKEYILKKPENLKEKEIFAGPATKIYDLLLYLRETNPRLYAKVRDELGLCI,88,---HHHHHHHHHHHSSSTT-TTSHHHHHHHHHHHHHHHHHHHHH-TT-HHHHHHHHHHHHHHHHHHHHHHHH-HHHHHHHHHHTT---,75.0,0.0
afm_5UH7A_9.pdb,PKRWVWITEVDHTKIARDLPKLDLEMRHERERVEERREGVLELIAIASEHRLAILEAEGAKADARRAVRDLAECEMKLVEVSAARELFRLDAVHHHFTNLAPKQLIRTLETWELLVDRYGEWFTAGQ,127,----EEEEEE-HHHHHHHHHHHHHHHHHHHHHHHHHHHHHHHHHHHHHHHHHHHHHHTT--HHHHHHHHHHHHHHHHHHHHHHHHHHHHHHHHHHHHHT--TT-EE--HHHHHHHHHHHGGGEEEE-,74.01574803149606,9.448818897637794
metric_6JLCA_2.pdb,LTPEEAQKAIDEINSAVETLKEIQSEEPKADWSKEFDKLFATATELTQSLAVVAGGYQTLANPELIMARTHLIVTIAHVVESSAKLLRYKIQKAHVVLGEAVTDAIMLVANIGATPEELQASIWVLQTMLALVRRYRDLKPTDTATIYVKDLLKKAIENTAKACSAEVAIHKPPAMLVVLSTAISTAYKVYQKPKATVAECDDAIALLNGAYQLAYSAPST,221,--HHHHHHHHHHHHHHHHHHHHHHHH-TT-GGGGGHHHHHHHHHHHHHHHHHHHTTS--SS-TTHHHHHHHHHHHHHHHHHHHHHHSTTB-HHHHHHHHHHHHHHHHHHT-TT--HHHHHHHHHHHHHHHHHHTTS-B--TTSB--HHHHHHHHHHHHHHHHHIIIIIGGG--HHHHHHHHHHHHHHHHHHH-TT-BHHHHHHHHHHHHHHHHHHHSS---,70.58823529411765,0.0
afm_4lupA00_7.pdb,MSDAGLMRALLQGEEEARGLLRQRWGGCVRAVVSCLVPESMVHAVYGRVFDIAFKAAISYTFEKPLAYYFYGIAVEVYTAELLNKINA,88,--HHHHHHHHHTT-TTHHHHHHHHHHHHHHHHHTTTS-GGGHHHHHHHHHHHHHHTGGG--SSS-HHHHHHHHHHHHHHHHHHHHHH-,70.45454545454545,0.0
afm_d1r0ka1_6.pdb,MVMELARHAIREGGTAPLVLDAAVHMARFAVKCGCIGEDEIATLAECVMAEVKPQPRRDVEEALRIRAAACAMAAEVAAS,80,-HHHHHHHHHHH-TTHHHHHHHHHHHHHHHHHTTSS-GGGHHHHHHHHHHH------SSHHHHHHHHHHHHHHHHHHHT-,72.5,0.0
afm_3f9uA00_6.pdb,HVHAKFHNLVLGMGYAIGENKPVMIDFTGYICGNCRKMYTAVWRDPTVAYLINNDYVLITLYVDNPTPFANRHLVVSNHKTYFLETVGEAYWYVQVVNQDVNTVPFYVLMDTEMNPLNKSYAYDLDVSKYINFLQTGLENYRKEK,145,-----BS-HHHHHHHHHHTT--EEEEEE-TT-HHHHHHHHHTTT-HHHHHHHHHT-EEEEEETT---EEEEEEEEEETTEEEEEEEHHHHHHHHHHHHHS---SSEEEEE-TTS-BSSS-EES---HHHHHHHHHHHHHHHHTT-,39.310344827586206,24.82758620689655
afm_d1t72a1_6.pdb,KIFEKLECIKQMVLDAAIFVQKAIDLATEALNKQNVELANNVIDLDVIIKFAEKAIEHGCYGAVSTWGPPRSILTMLAIIVNIVKDLERMGDEAENIAERAILLAEEPPLKPYENINRMSEIVKEMVNDSVISFIQQDTLLAKKVIEKDDTVDELYKQLRKELVGIIVLDPRNYKRALHLSEVALHYERIADHAENVAKYALLLSVAE,208,-HHHHHHHHHHHHHHHHHHHHHHHHHHHHHHHTT-HHHHHHHHHTHHHHHHHHHHHHHHHHHHHHHH---HHHHHHHHHHHHHHHHHHHHHHHHHHHHHHHHHTTTS--SS--HHHHHHHHHHHHHHHHHHHHHHTT-HHHHHHHHHTHHHHHHHHHHHHHHHHHHHHH-GGGHHHHHHHHHHHHHHHHHHHHHHHHHHHHHHHHHH-,87.01923076923077,0.0
afm_3w6vA00_1.pdb,PLPLYVSAARALLTQQFDVETLAAIAGASRETFTCAFCLATGLLPEVWLLHQRLLLAQRLLEETPLSVDQVAGICGFRSPRELREAWRCLFGSSPAAYRAAVRAR,105,-HHHHHHHHHHTTTS---HHHHHHHHT--HHHHHHHHHHHHSS-HHHHHHHHHHHHHHHHHHHS---HHHHHHHTT-S-HHHHHHHHHHHHSS-HHHHHHHHHH-,74.28571428571429,0.0
afm_4mkiB00_9.pdb,MPIKVEDVGFVYNPGTPYKTTALYDINFSIDDEEFVGIIGHTGSGKSTLIQQLNGLLKPDSGKIYINGIDITDKKVPPSVIRRQVGLVFQKPEYQLFSETWREDILKGPRDMGGPEHEYEERIKEAAEIVGIPHEYPSFSPDYLSGGQKRRVAIAGILAMRPKILILDEPTAGLPPTERKDILNKIKEIHDKYKMITILVSRNMEDIARIADKIIVMDRGSIVLYGPPEIVFAAREGLKEIGLDVPNATGYALSLHRLGFPIPPHVLTPEELWEHCERVMRTR,283,--EEEEEEEEEESSSSTT-EEEEEEEEEEE-TT--EEEEE-TTSSHHHHHHHHTTSS--SEEEEEETTEETTSTT--HHHHHTTEEEE-SSGGGS---SSHHHHHHTTGGGG-S-HHHHHHHHHHHHHHHT--TT-TT--GGGS-HHHHHHHHHHHHHTT--SEEEEE-TTTT--HHHHHHHHHHHHHHHHHTT-EEEEE-S-HHHHHHH-SEEEEEETTEEEEEE-HHHHTT-HHHHHTTT----HHHHHHHHHHHTT----TT--SHHHHHHHHHHHHTT-,36.39575971731448,21.20141342756184
metric_d3g0oa2_3.pdb,GILLLVMLDRAHLVVDSLAPCRLMALAARLIVHPVVPVLLAVTGEGASPPMAAVATCILRADPTRIRTVELLANEAGLALHLMRRAGIRMRELSAARDAYLAAAGLGVGALDEAAAIVVF,120,-HHHHHHHHHHHHHHHTTHHHHHHHHHHHTT--THHHHHHHTTSTT--HHHHHHHHHHHTT----SSBHHHHHHHHHHHHHHHHHHT---HHHHHHHHHHHHHIIIIITTSBGGGGGGG-,62.5,0.0
afm_6HK5A_6.pdb,EELTNRAAILLMEELKKKLTLVAAVLKLIADALHPDDHRREVLLLLVEGVEYTIKLIDKKMKLG,64,-HHHHHHHHHHHHHHHHHHHHHHHHHHHHHHTS-TT-HHHHHHHHHHHHHHHHHHHHHHHHTT-,84.375,0.0
afm_d1blxb__9.pdb,DGLGECLCDAAARGDAEAVCLACHALDIHPDALDCAGVTALLRMDWRSLQVALHLLLKGASPNVQDANGVSPVHAAALNGAAQTLGLLLLAGADPNALDKLGRLPIALAIRRGHSQVVRILAPLSDLHHRDKHGMTPLELAKLDGAENLMLILKAYM,157,-HHHHHHHHHHHTT-HHHHHHHHHTS---TT-B-TTS-BGGGTS-TT-HHHHHHHHHTT--TT---TTS--HHHHHHHTT-HHHHHHHHHTT--TT---TTS--HHHHHHTTT-HHHHHHHTTTS-TT---TTS--HHHHHHHTT-HHHHHHHHTT-,46.496815286624205,0.0
afm_d1dkga1_2.pdb,VEVVERLFVSYHKDLKKVVGWDHSVRAGYGQIVAVIKNGWTVQGKLLKPAEVVVADGPA,59,-EEE--SSSB--TTTEEEEEEE--SSS-TTBEEEEEE-EEEETTEEEE-EEEEEE----,0.0,50.847457627118644
afm_d4fura__2.pdb,PNHGYLAAIGGIAAKARETLADGMCLDKRDAEAVLKNAIIEIASKIATLDEAAEACKTVIKKDQVRIGVAEKLPFLATGAGNKNGTGMAVVKKPIS,96,-HHHHHHHHHHHHHHHHHHHHTT--B-HHHHHHHHHHHHHHHHHTT--HHHHHHGGGGT--GGGB-TTTGGG-SEEEEEEEETTEEEEEEEES---,44.79166666666667,16.666666666666664
afm_d5cdka1_3.pdb,VYKAGYMHPWFVTDPERNVCEYENCKILLVDKKISTLGEIARIVSSAIQGNYPLLIMAEEVHNAALSALAALKICGKLKVVAIKAPGSGELRSSLLEDIAILTGGTVVKDGTGVILPLATDAVLGTAAKIVITPTVTTVVGDGSTAADVAKLVNDIKAGIYSTTSPEDVTALGHRIANLS,180,-BS--BS-GGG-SBTTTTBEEEEEEEEEEEEEEE--SGGGHHHHHHHHHHT-EEEEEEEEE-HHHHHHHHHHHHTTS-EEEEEE-SSSHHHHHHHHHHHHHHHT--EE-SSSSS-GGG--GGG-EEEEEEEE-SS-EEEE--STTHHHHHHHHHHHHHHHTT---HHHHHHHHHHHHHH-,36.666666666666664,24.444444444444443
metric_3d3qB02_8.pdb,NEERVKKELKKYESMNDDEMHAVLASLAPLSARVTARGDCEAIREAIHWAFNTGHDLADARFFGEVV,67,-HHHHHHHHHHTTSS-SSHHHHHHHTT-HHHHHHS-TT-HHHHHHHHHHHHHHSS-HHHHHHHHHH-,70.1492537313433,0.0
afm_3w6vA00_6.pdb,PLERVVESALLMGGARFDVEDLACIAKLPRGAFAALFTRLTGVPPLDWLRIQRALRAQELLERSLFPVDLVAEACGFRSPVALRGIFAGLIGSSPAAYRAAARAR,105,-HHHHHHHHHHGGGS---HHHHHHTTTS-HHHHHHHHHHHHSS-HHHHHHHHHHHHHHHHHHH--S-HHHHHHHTT-SSHHHHHHHHHHHHSS-HHHHHHHHHH-,72.38095238095238,0.0
metric_6IWVA_5.pdb,GGAYLQLLCWKIGALKKGIFGSEAITLFLTEKVWAPCALPAPPIVYDIAYAIAYEINN,58,-HHHHHHHHHHHHHHHHTT-HHHHHHHHHHHT--S-----SS--HHHHHHHHHHHHT-,67.24137931034483,0.0
afm_d2zyqa1_1.pdb,SPRRLAYRRYETRDMETARYVALTVAGLVEGKGAPEGALYLRRDDFPAVVVYVPGEHVRLLERGYECADVVGLHCYYGALKACGVPAKHATPAEFADRCVECMIRFCGPGGDCREVFAGTALEHRRVVSPY,131,---EEEEEEEEES-HHHHHHHIIIII--EE-TT--SSSEEEESSSSS-SEEEEESSS-EEEEEEEE-SSHHHHHHHHHHHHHTT---EE--HHHHHHTT-SEEEEEEETTTEEEEEEES-----S------,19.84732824427481,33.587786259541986
afm_5I29A_6.pdb,TDPAQSAFSWILLDIVDNVMTQVPDSWPFHHPVNKKFVPDYYKVIVNPMDLETIKKNIGKLKYKSIAGFLDDLNLIAENSLKYNGPDSQYTKTAIRIMIYCCTALLHNHDHMSQLEGDIARAMAEAMLEKMKESL,135,--HHHHHHHHHHHHHHHHTGGGSTT-GGGSSS--TTTSTTHHHH-SS---HHHHHHHHHTT---SHHHHHHHHHHHHHHHHHHT-TTSHHHHHHHHHHHHHHHHHHHTHHHHHHHHHHHHHHHHHHHHHHHHTT-,66.66666666666666,0.0
metric_1n1cB02_6.pdb,PAAFLAAAAVATVLLEPYGAAYMIGHFFIPTLTAFAKVVILFDKLGYSTLLAAVTIGVGYIVLAIAVRAVAILSRA,76,-HHHHHHHHHHHHHS-HHHHHHHIIIIIHHHHHHHHHHHTTT-TT-HHHHHHHHHHHHHHHHHHHHHHHHHHHTT-,76.31578947368422,0.0
afm_d4dssb__8.pdb,MVVQINSPAEFYALLKAGHYLTVVDFFATWCGPSKMIAPGIEALAKFFPAAKFYKLDVDALPKVAQDAEVGSVPTLIFFKGGKEVTRVEGANPAAIAKAVASNV,104,--EE--SHHHHHHHHTT-SS-EEEEEE-TT-HHHHHHHHHHHHHHHH-TTSEEEEEETTT-HHHHHHTT--SSSEEEEEETTEEEEEEESS-HHHHHHHHHH--,38.46153846153847,25.961538461538463
afm_2aq6A00_5.pdb,QDEIVLLVLASSTYAGIAAPGIDGVFGGRRYPAAFEIDRKTVCAVLDGSCWAAINLRLDPRAVVSLQSGEITNVAFGEGTGELTERAVVPDDEVAAAVYRLTVTINIAIPEPARFRATAVRRGLMVLRLPMEKLYGGVLGAC,142,-HHHHHHHHHT-SEEEEEEE-TTS-EEEEEEE-EEETTTTEEEEEE-TT-HHHHHHHH--EEEEEEE-TTSS-EEEEEEE-EE-----STTSHHHHHHHHHHHHHHSS-S-HHHHHHHIIIII-EEEEEEEEEEEE-STT--,26.76056338028169,35.91549295774648
afm_d2nzca1_0.pdb,DKGYYGLGIKLKLTLGAVANVAKVLAKYLDNILLILIFNWCHENMVYIGVYVYIEDLYLTALENNLKAIPGVELKSYP,78,-EEEEEEEEEEE--HHHHHHHHHHHHHTTTTEEEEEEEEEGGGTEEEEEEEEEEEHHHHHHHHHHHHTSTTEEEEEE-,32.05128205128205,47.43589743589743
afm_d3o07a__8.pdb,LKGGVIMDVVTPEQAITAEKAGACAVMALESIPADMRKSGKVCTMSDPKMITAIMGDVRIPVMAKVRIGNEKEARIIERLGLDYIDESEVLTPADWTHHIEKEKFLYPFVCGAKDLGEALRRVAEGAAMIRTKGEAGTKNPYEALEHMARWPEEICACQNIPVRPKLALIAYRMRVPWAMFIDVLEKGKLPVVNFAAGGVATPEAAAMLMAAGCDGVFVGSGIFKSSDPYKLAKAVVEATTHANNPSKVKEISKNLGEL,259,-TTSEEEEESSHHHHHHHHHTT-SEEEE-SS-HHHHGGGT-------HHHHHHHHTT-SS-EEEEE-TT-HHHHHHHHHHT-SEEEE-TTS--S-SS----GGG-SS-EEEE-SSHHHHHHHHHTTEEEEE----TTS--THHHHHHHHHHHHHHHHHHT---HHHHHHHHHHTT--HHHHHHHHHHSS-SS-EEB-SS--SHHHHHHHHHHT-S-EEE-GGGTTSS-HHHHHHHHHHHHHTTT-HHHHHHHTSS----,41.6988416988417,12.355212355212355
metric_4ymuD00_6.pdb,PSLLLSGILNFLPLQISGYIMTLKLTFLAVTIGVLMGLFIAAMKMSPFLPLKELAKAFIETIRKTPLLLLLKQVAIVLRLFGMNIPAFTAGVSALALNSSAYVAEIIRAGIQALPPAGNAAAVAPGMPPGLAMRLLIIPAAQRNILPALGNEFIKMLKASAIVSAIGFADLTRQALIIGSFTGFLIEPLMLIAKAYEIPTEIFSVKLSDIESVLR,215,----TTGGGGGHHHHHHHHHHHHHHHHHHHHHHHHHHHHHHHHHT-S-HHHHHHHHHHHHHHHTS-HHHHHHHHHTGGGGGT----HHHHHHHHHHHHHHHHHHHHHHHHHHTS-THHHHHHHTTT--HHHHIIIIIHHHHHHHHHHHHHHHHHHHHHHGGGGGGGT--STTTHHHHHHTTTS--HHHHHHHHHHTHHHHHHHHHHHHHHHHHH-,69.76744186046511,0.0
metric_5T51B_2.pdb,GLLLGSTIAGFAFLFLLLTAPIRNPLTFLLLFYRYAHSPLSPKVLTIVRAGALAAAAIIPPTILLTIICLCNLPIIFGIIDGFLKHLFG,89,-HHHHHHHHHHHHHHHGGGHHHHSHHHHHHHTHHHHTSTTHHHHHHHHHHHHHHHHHTSHHHHHIIIIITTTHHHHHHHHHHHHHHH--,75.28089887640449,0.0
afm_4dzzA00_7.pdb,MKVISFLNPKPGAGKTTAVINIATALSKSGYNIAVVDTDPQMSLTNWSKAGNAAFDVFTAASEKDVYGIRKDLADYDFAIVDGPNLPNGIMAAAVMVSDLVIIPVTPDPLSMLSASLVVSILKLQAPSRLVPAIFLLTRVPEIVEDMSTVVHLITEWIVPALPTFITQRPAYVDAIACGKSVFDTNDAKAAAEICRLTDEIVAAFE,206,-EEEEE--SSTTSSHHHHHHHHHHHHHHTT--EEEEE--TT-HHHHHHTTS--SSEEEE-SSTHHHHTHHHHTTTSSEEEEE--SSSSHHHHHHHHT-SEEEEEE-SSHHHHHHHHHHHHHHTTS-TTT---EEEEE--B-TT----HHHHHHHHHTS--B-S---B--HHHHHHHHTT--GGGSS-HHHHHHHHHHHHHHHTTT-,39.80582524271845,14.563106796116504
afm_4cemA00_8.pdb,EFEESVGLVLSLWTKFERRKALRYANALAPLFRPKPYELLCLDSSIKKNTAFVKKLKTITEQQLASLKADFEGLNLSTYASEAVASIVEAKLKPSDVNCAVTLCSLFHRRYPEFAPLLLQVWKKHFEARKEEKTPNPEKLCADLRFIAELTIVGIFPPGEGSLLILEQLLNIINADRESHTHSLVVLTFCKYCGDDIAGLVPRKVKSAAEKFEVPFPPSEIIPPACQTPFQHVLKEYFTSLTKHLKRDIRETRNTAIQLVEIELTNGGLSEDRKKQVHKLSTSTELLRAKSTTLADLLDENPPTMP,306,-HHHHHHHHHHHHHHHHHHHHHHHHHHTGGGTS--TTTGGGSB--HHHHHHHHHHTTS--GGGHHHHHHHHHTB--TTTHHHHHHHHHT----TTTHHHHHHHHHHHHTT-TTHHHHHHHHHHHHHHHHTTSSS--HHHHHHHHHHHHHHHHTTSS-HHHHHHHHHHHHHHHHHHTTSS--SHHHHHHHHHHTHHHHT----HHHHHHHHHHT-------SS-GGGTHHHHHHHHHHHHHHHHHHHHHHHHHHHHHHHHHHHHTTTT----THHHHHHHHHHHHHHHHHHHHHHHHHHT-------,66.01307189542483,0.0
afm_4cemA00_2.pdb,EYEESMQLYGERLKRYNFRRELRRCNERAPEDRPNHSTLAVLDSSIKKNTAFVKKLKTITEQQLLSLSKDFATLNLTKYVDEAVASIVEAKLNPEDVTCAVHLCSMFHRVYPTFAPTLFEVWKKHFEARKEEKTPNIAKLAVDLCFIAELTIVGIFPENLGLPLIQEQLKNIINADRESHTHLSVVLAFCERCGDDIAGLVPRKVKSAAEKFNLTFPPSEIIPPWGQQPFQILLKEYFTSLTKHLKRDHREMMNTARQVNRIAIENGGLEEDRTKQWHSFCTWWMRLWVFSESLADLLDENPPDLP,306,-HHHHHHHHHHHHHHHHHHHHHHHHHHTHHHH---HHHHHTSB--HHHHHHHHHHTTS--GGGHHHHHHHHHHB--TTTHHHHHHHHHT----GGGHHHHHHHHHHHHTT-TTHHHHHHHHHHHHHHHHTTSSS--HHHHHHHHHHHHHHHHTTSS-HHHHHHHHHHHHHHHHHH-SSS-S-HHHHHHHHHHTHHHHT----HHHHHHHHHHT-------SS-HHHHHHHHHHHHHHHHHHHHHHHHHHHHHHHHHTHHHHTTTGGGG--SGGGTTHHHHHHHHHHHHHHHHHHHHHHT-------,68.30065359477125,0.0
metric_d3g0oa2_5.pdb,AIIGLVAADGAAVCYELARLAEAFATGYAAGVEPLATLALLVSSAGSSVAALTFGQYFASNDITPKYTVAFAAQALALYINTAADRGIRVPAAEEALAKFAKAMALGAAFLDVAAVIVLF,120,-HHHHHHHHHHHHHHHHHHHHHHHHHHHHHT--HHHHHHHHTSSTT--HHHHHTHHHHHTT--SSSSBHHHHHHHHHHHHHHHHHTT---HHHHHHHHHHHHHHHTTGGGSBGGGGGGG-,65.83333333333333,0.0
