,file_ID,seq,length,sol_orig,hydro_orig,delta_G
0,afm_d1t8ka__0.pdb,IEEETKDLIAKGLGVDESEVTPEAIFLADLGATLEELETLIKALEEKFNIEIPDVIAKLIKTVAGAINYIKVFPS,75, 0.839,0.2653333333333333,4.162787742050083
1,metric_d4a5xa__6.pdb,GLAAAEELENFGKEMEKGGVLFAAYYYYTKAAELYMEAGKKLNCHAVFAKVLKKAEEWKLKALELKNKLLSV,72, 0.630,-0.15972222222222213,3.23930114679479
2,metric_4ymud00_6.pdb,PSLLLSGILNFLPLQISGYIMTLKLTFLAVTIGVLMGLFIAAMKMSPFLPLKELAKAFIETIRKTPLLLLLKQVAIVLRLFGMNIPAFTAGVSALALNSSAYVAEIIRAGIQALPPAGNAAAVAPGMPPGLAMRLLIIPAAQRNILPALGNEFIKMLKASAIVSAIGFADLTRQALIIGSFTGFLIEPLMLIAKAYEIPTEIFSVKLSDIESVLR,215, 0.616,0.9562790697674428,11.082954415227418
3,metric_1c4ka04_0.pdb,PWAIDDYMRAVEWLFTDRYQPELVITEGIAWGFFLAGAYDIVLAEHALGRIVVVFIVTYPPGIPIARPGERVTELTVHTILIVIEQMNLAPGQVAEVQGVWYFGGIERLYIGLVVVNDVLRNHDPRYL,128, 0.607,0.4265625,5.148365780185307
4,afm_d6am3a__1.pdb,PTREEVLSWSSSAALMPTDPAIRNLFRLFLREEYSEENLLFVLACLDLAATPNKKVQEEKARMIYEDYISPDSPKHIPLPPYECAKIAAYYPKPVPDMFVDAMKVIWTRLARESFPRFLNSPLYGEFLLTS,131, 0.549,-0.19389312977099238,5.211336056198577
5,afm_5i29a_6.pdb,TDPAQSAFSWILLDIVDNVMTQVPDSWPFHHPVNKKFVPDYYKVIVNPMDLETIKKNIGKLKYKSIAGFLDDLNLIAENSLKYNGPDSQYTKTAIRIMIYCCTALLHNHDHMSQLEGDIARAMAEAMLEKMKESL,135, 0.404,-0.2259259259259259,6.060153723798114
6,afm_5uh7a_9.pdb,PKRWVWITEVDHTKIARDLPKLDLEMRHERERVEERREGVLELIAIASEHRLAILEAEGAKADARRAVRDLAECEMKLVEVSAARELFRLDAVHHHFTNLAPKQLIRTLETWELLVDRYGEWFTAGQ,127, 0.704,-0.4559055118110241,4.83541877798708
7,afm_d3o07a__6.pdb,LKGGVIMDVVTPYQALLAELSGACAVMALESIPADMRKSGKVCTMSNPYMIQEIMKAVSIPVMAKVRIGNFLEAKLLEKLEVDYIDESEVLTPADWTRHIPKHKFKVPFVCGAKDLGEALCRISEGAAMIRTKGEAGTKDSREAVKHIHRIQEEIYACAQLKHPEEIRKVAAEMNIPPSLLKDVLEKGKLPVVNFAAGGVATPWDAAELMRAGCDGVFVGSGIFKSSNPARLATAVVEATTHLYDPQAIAEVSSDLGEL,259, 0.640,0.04942084942084938,14.35629762395831
8,afm_d3rwoa__3.pdb,IDKVARIVLLGPPGVGKSNLLSRFTTDEFNIESKSTRRITSASRQIEYDIIKIDAIIEDHRGILKNREITSRLYRNADGALIVYDISNIGSFELCQAVLNLLRQNADDWVVVPLIGNKSDLAHLRRVPPEQAFGQAGRNLMGYAETSALNSDDVDCAFGSLIAAIVLTR,169, 0.526,-0.05384615384615375,8.734841822504347
9,afm_d2j5ya2_6.pdb,LLEEILNGFKNLALATMMAAGINVAKYYTAIANAKTPYEAAEIALEALNKFA,52, 0.500,0.43461538461538485,2.6590301561531495
10,afm_4dzza00_7.pdb,MKVISFLNPKPGAGKTTAVINIATALSKSGYNIAVVDTDPQMSLTNWSKAGNAAFDVFTAASEKDVYGIRKDLADYDFAIVDGPNLPNGIMAAAVMVSDLVIIPVTPDPLSMLSASLVVSILKLQAPSRLVPAIFLLTRVPEIVEDMSTVVHLITEWIVPALPTFITQRPAYVDAIACGKSVFDTNDAKAAAEICRLTDEIVAAFE,206, 0.750,0.45339805825242696,11.943813874018899
11,metric_d6hcia__3.pdb,GPAPTVLCSMQDGTFPVGTTATFNFNISSTPPGNYSWTHNIGLLTTIRKKHMLWSQTSGVSIVLDNVEPLEAGTYTCSYSSPAGSASTSACLTVTSM,97, 0.585,0.032989690721649485,4.2432411541285475
12,afm_d5tzma__5.pdb,CLHIAVPLSDRTVPAISRATFRVVLSHEVPESHFQWTLDGELLTPDDPRWSLRVEGLFASPLMNAPTSKDGGRVTFLAYDQCSTALFTVN,90, 0.412,0.005555555555555506,4.3189086979537015
13,metric_6wrvc_1.pdb,NNHLNDEKRLLNLNLAALCKPMTRGELKKKYMEAIDADLCYLAFSRAEAENLATAIKNAVPHARLYVDGKFVVAVLESEAVLRNVSLLMDCA,92, 0.716,0.016304347826087195,3.410707539437854
14,afm_1xawa01_1.pdb,DQQRQLYKRNFDTGLQEYKSLESVFEELACEQAKMHTEIVDYRPESEEAKAAVKELAKLNIKIASPENGIKAEHIEQLASKLTKIQSEVDKYDKV,95, 0.924,-0.8389473684210528,2.9989198723564945
15,afm_7k00o_2.pdb,SLTMEQMAQIVAKYGRSTSDAHHPVVQTALLYYECEIAKEYILKKPENLKEKEIFAGPATKIYDLLLYLRETNPRLYAKVRDELGLCI,88, 0.582,-0.25340909090909075,3.7308860037803795
16,afm_d2oxqc__7.pdb,PKPKTLCPLCKEMLRNPVECPSGVVFEASHIFCYLRAYGKTDPVTKEYCSESQMVRDLAMAIVLAFELYFS,71, 0.505,0.08873239436619715,2.8478100475421284
17,afm_d3ldza__5.pdb,NPFDPLVELATSEDNTEEVVSAIMFICELVGQSRTGPKDCLRSIMRRVNHKDPHVAPQALRLLEACMARCGKIFLKEVFSPEFMAMAAKVLTSGHPEVCARLKKIMKSFAIYYKDDPELQNFQAMLNVMNPFGQTFP,137, 0.504,-0.08248175182481754,5.403327427886496
18,metric_d7jjka__6.pdb,MTALAEFVAFLLKCWVAKALFSGLNDAEVSACIRAVVANLSAEEAYRAVVHAANLLLLKLLN,62, 0.580,0.9499999999999997,2.01416487049389
19,metric_2vkja00_0.pdb,ADILAHAKLAVDTGAALHGMLVLPYEEFMALVEEKGLYVPFIEGAPQLQALIMLSEADIVACNGLFVKALELAKEALKNAIEPAIKNTAKAMIEACEANL,100, 0.805,0.5379999999999996,4.121177707952942
20,metric_4b0fb00_6.pdb,HIGIAAGFGAFLFRSRSAYAPALAARYVSLHAHCLELGKEAADARKLLAHL,51, 0.436,0.40392156862745116,1.3471450216363645
21,afm_3w6va00_1.pdb,PLPLYVSAARALLTQQFDVETLAAIAGASRETFTCAFCLATGLLPEVWLLHQRLLLAQRLLEETPLSVDQVAGICGFRSPRELREAWRCLFGSSPAAYRAAVRAR,105, 0.395,0.29047619047619033,5.0979160446899385
22,afm_d3ldza__6.pdb,NPFDPLVELATSEEDTAINGGAVPAIACSVGSDRTGPKDCLRSIMRRVNHKDPHVAAQALTLLLACIVCCGKIFHLEVASPWFCRLACEVLDKGHPWVCHILKKVMKIAIKIFSSDPGLNVIATAIALAEAFGITFP,137, 0.597,0.42992700729927,6.2042412997709215
23,metric_3f9ua00_1.pdb,LAKADSTEWGIALVFAKLLNKPMQLDYTIKWCPLCKLEDEVNDQEVILATYLNNYFVFCKLDCGDETPLPRPEVRTLWGEINTVNTKGELVYADMYYRFGITSVRRSVLVDRDGNVLYGPIGFNLNVHAHLKAAQTAMEKFLNTL,145, 0.457,-0.07517241379310341,6.185139250617898
24,afm_d1seda__4.pdb,LDELKKLLELKGKMAASQFDMDKDPFTALLIDKGLTKEEGEAVMKECHILQLAYACALALGYYTQPGLLEAFALNLNKKLDVHETIFALLEQGIYRALMHNFIEIMKHFD,110, 0.643,0.051818181818181826,4.874372719209591
25,afm_2x49a03_7.pdb,LIEEATRAMLYAMEKEYPWLVREVMSYVPLHMILTLLQILKCAGVSINDIKKILEAIAKWAQYVKDPVELAHLLMGDLKENMLKNA,86, 0.671,0.2534883720930235,3.2556338811570695
26,afm_6ne2b00_4.pdb,PEILDERLIKAAKDGDLVLVMATLALGADVNASDHSGETPLHAAAKNGHKEVVKLLISLGADVNAQSKDGSTPLDAAAASGHKEVVKLLISKGADVNAVNTYVNTPLFAAARYGHKEVVKLLISKGADVNAKSANGNTPLIIAVLLGHKEVVKLLLSKGADPNTSDENGITPRDAAADVDAVEVLKLLHSGY,192, 0.657,0.03854166666666669,12.256406285280303
27,afm_3adga00_8.pdb,YKYVKIGLQIIADIRNLPAPVYQILESGPSHKVLFQSTVVLDGVAYNSEPGFFNRKAAEGNAACVALREL,70, 0.573,0.12142857142857143,3.8415683540512093
28,metric_d3gqba4_4.pdb,MSEMDPFYRENVAEDYPELRDAILELMLRAAELLERVGMVGPHYFPPEMKLVIEVAKIIIEDGLKRNLYHPIDRFWSPKKEYGIMKMILAFYKEALAAIKRIVPIEEILTLPALDAIHNARYVPEALFPLYFEEAMKRIQSEFKKLV,147, 0.626,-0.023129251700680226,5.897500053635179
29,afm_4i17a00_9.pdb,TNPDALYYSGQKALNAKNYAVAYQKYSEYLKLTDYSDAVTAYNCGVCALNIGRAEEAAYYFKLALAPNYNVANVAIGLSAAYCAQINITEAINTLCSALNLVPGNATIEKLYAILGLKCGENAQNIGDVEKAASNYKLAGGVTSKKWRTDAAYSNGVLFYNAGADYLAIMTPLASNDKEAYAIAATKAREAYIKAARALKKAVDLSPNRTEIKQMLDQAYAML,223, 0.498,-0.06995515695067257,10.358261291688304
30,afm_5hvoa02_6.pdb,PDLFTDGLKSPKVQNRIASLENKFQGTKLMVSYDLLHPRKGIPQKLLALDVFLHKAPEWLGKVVLVQVAYPTCAAFPEAQELRRVVRTLVVCINLNYASKDYVPIDFQPRPCSQDEIIALYAASDACVVSSTYDPPNPSSTIYIATQQKRKGVLILSSLAGAATRLPGAMVANPWNIEELARAYCGAVCAPPFHRECMFEQLYAAIST,208, 0.379,0.04759615384615394,9.66283375740753
31,afm_d2hj2a1_5.pdb,GPAPEAYAAAIERALREAALNQDPDAVYVFRTVAVDNALMVAGALTTRADIDFRALARRVMVELGATSDLTGANATTTDVAVAVGHVPEEFLRHVL,96, 0.791,0.2531250000000001,4.428351361126599
32,afm_d2hyva__7.pdb,FDPERDARLLATACSVPGGEHNTIANILTNRSNAQRQQIIAAALGLTGRDLVSMLKSATSGILLTVIMGLLMPPSVYDAVELYASMKGLGTDEDSLIEIICSRTNQELQDIKDNYYSMYGTTLEDDIISDTSGDFRKLMVALAKGRRAEDGSVIDYELIDQDARDLYDAGLNRLGTDVPKWISIMTERSVPHLQKVFDRYRSYSPFSMLESINLLVKGDLMNAFMNLVLCIQNKPLYFAHRLANSMKGKGTRDKVLIRIMVSRSEVDMLKIRSETKKVWILSLYKMIQTKTKGVGAKALLYLCGGDD,307, 0.411,-0.11368078175895767,17.104293873915655
33,afm_d1gq2a1_8.pdb,GLITGSVAVAGLLAALRITKNRLSDHTVLFQGAGEAAMAIADLIYEAMPKEGVSLTEVYRRIWMVDSKGLIVYGRASLSPRKALFAHEHPELRDLADIVAHIKPTVLIGVAGIGGAFTERILSMMAAWNKRPIIFALSTPTSKAECTAEQLYRATEGRGIFASASPFPPVVLPSGQTLYPGQANPLYVAPAVYLGAKSCGLKAPHISMYLTTAEAIADTVTENDLQEGRLYPPLSRLPAATVLIATEIAREAYRRNLASTYPPPPSLTLFIASQM,275, 0.382,0.2065454545454542,14.830092156223488
34,afm_d1dvpa1_1.pdb,NFDELLALATSPLYPVPNFPAIVAAAEEIKQKKVTPKNAFAAIKKKMNSPNPHVSCYSLLVLESIVNLCGAPVHEEVFTPENCEMFSSFLESTPHENVRTIMLRLVQFAAEAFRNSPKYRDIQYTMDRLKGKGHTFPPLIH,141, 0.448,-0.15035460992907793,6.158005525982262
35,afm_3f9ua00_6.pdb,HVHAKFHNLVLGMGYAIGENKPVMIDFTGYICGNCRKMYTAVWRDPTVAYLINNDYVLITLYVDNPTPFANRHLVVSNHKTYFLETVGEAYWYVQVVNQDVNTVPFYVLMDTEMNPLNKSYAYDLDVSKYINFLQTGLENYRKEK,145, 0.418,-0.19034482758620697,7.263574164260006
36,afm_4acfa01_0.pdb,SPEEVLNQVLTGHYGKVKMVWKEMNGNEYSVTIPASLMDERVFDNGVVYPIDKIPISYPLNNPLGVCIPDPSTASADRTTELPALKIMCRRVHPLTLAIWYGD,103, 0.561,-0.13592233009708737,4.30244733651592
37,metric_5jrja02_4.pdb,GAAVILIMGLYVGAVDREGVVLHSFGAGLGVGLDGAGAHLEHAYIAAIAIAAAIVAALK,59, 0.630,1.2762711864406773,2.9415626547185756
38,afm_d1u7ba1_2.pdb,MFFAVLPQASILKKMLEDTVPHIPEACWHIYPTGVLLYSADESRQAVYVRGLPASQFHFWYCDRPLAMGVNLDSMYKILLQADNEDEIGLNAEDNADTLDLYFHAPNGVTGQYFTMKLMDLDVEPR,126, 0.506,-0.09444444444444443,4.570562539595479
39,afm_d1xqra1_7.pdb,RGPRDEVEQMKHIIELGRSPHPPTANDEEKAAYRHLIGVALTYLILLCRNEDMAADFQQLRGFAILVHHCLDHGSPEVRVLAATLIILCSHNVAAIQEAVLRDGALPKLLRLADREASPAVRGAALVAIESLVREQEAGLLQFLRLDGFSVLMRLMQVSDPNLALNCARVLQNLLVGHPEHKETLIRMGMIRQLVALVRTDHGPFHEHVLGALCSLVTDFPLGVTHCQSPSLQLAELLRHRCQLLQQHEEYQEELEFCEKLLQTVAS,267, 0.517,0.04868913857677893,11.211737691032372
40,afm_5z51a_5.pdb,TPGLARLAVRAAMGAPALAGEYFDILRREGFTDPAAAAAHAALKRAGGTTLNVSGRVAWLLYCHQTDDPRTREVVDYAVFHPVPAGPARLPFVVEIAVASVRVYVLAKELEEVAKKVANPDPIKEGEEMDKWKIEMTTLTAWLVSEGHVATGVVALLG,158, 0.584,0.1430379746835444,7.2466380524657215
41,metric_3shgb00_6.pdb,NTVAELEVRRRAVGAAIAAGRRHGAHVDPGTVRAAFGYVLGKISWDEVLRALLLRAL,57, 0.595,0.2087719298245614,2.287154621116108
42,afm_d1blxb__1.pdb,SYYADRLSGAAAKGDVNEVAILLLFFKADPDTINSQGETALLVMNFYIPALAYILLEAGASPNVQDSGGVSPVKAAARTGALETLRILVKHGADVNALDIAGNLPIHLAIREGHLEVVGFLAPESDLHHRDWTGDTPLELAQRLGAFDLARLLQAKM,157, 0.623,0.18726114649681525,9.544136347860045
43,metric_6jlca_2.pdb,LTPEEAQKAIDEINSAVETLKEIQSEEPKADWSKEFDKLFATATELTQSLAVVAGGYQTLANPELIMARTHLIVTIAHVVESSAKLLRYKIQKAHVVLGEAVTDAIMLVANIGATPEELQASIWVLQTMLALVRRYRDLKPTDTATIYVKDLLKKAIENTAKACSAEVAIHKPPAMLVVLSTAISTAYKVYQKPKATVAECDDAIALLNGAYQLAYSAPST,221, 0.648,0.10135746606334844,10.239304713276983
44,metric_3mm5a01_5.pdb,MTPIVMGRTLGVVPSEVDLLNRACVAEKGMAAVGLPVPDPTFACERLLAMEEAWRLNKPL,60, 0.543,0.33333333333333337,2.7697948297540735
45,metric_6iwva_5.pdb,GGAYLQLLCWKIGALKKGIFGSEAITLFLTEKVWAPCALPAPPIVYDIAYAIAYEINN,58, 0.488,0.6137931034482759,2.220098215647706
46,afm_4lupa00_7.pdb,MSDAGLMRALLQGEEEARGLLRQRWGGCVRAVVSCLVPESMVHAVYGRVFDIAFKAAISYTFEKPLAYYFYGIAVEVYTAELLNKINA,88, 0.430,0.30454545454545456,3.143708783431162
47,afm_6hk5a_6.pdb,EELTNRAAILLMEELKKKLTLVAAVLKLIADALHPDDHRREVLLLLVEGVEYTIKLIDKKMKLG,64, 0.689,0.18281249999999996,2.342715109322764
48,afm_5t76a_3.pdb,PAGEAMVATVELRKCVVVMHKKVTAQTAPNKDVQREIIDLSKAIDEAPNPATEKTVLGGQIANLEKRMTALDVTKAAVYQCSLRIAILNVINHKPNQPLVILEMISGADMLALHSAVLAANERAPDTSVMLFTVDNESGTITCVCGIPNSLVERGLKALEWVQQVSGLMDGTGAGNEYAAWASGKNVGCLQEALQLATSFAQLRLGD,207, 0.596,0.10966183574879246,8.21277575840398
49,afm_d1iiba__7.pdb,MRLILLFSRTLTLTSQLAQKMNAQAHKYEVPVAIGAFPESAAEIAGDDADVVLLAPDIRDMLPEINRLVPNVPVEIIPPELFGCQDGLGVLKAAVAAIKKAAA,103, 0.705,0.4135922330097087,5.63165094004594
50,afm_5mfof00_2.pdb,FPGEVLPTLVAVLSSPDQEVLLQALRQLVKAAKGGNEQIQAVIDAGALPALVQLLSSPNLEILLAALAALNVIASGGNEQIQAVIDAGALPALVQLLSSPNPVIVLAAANALANIASGGNEQIQAVIDAPALPALVNLLGMPSPVQHGAALTALSNIASGGNEQKQAVKDCSAAPALEVLCTGPLKAIAEKAQEALEKIQS,201, 0.731,0.5243781094527358,12.535966073567662
51,afm_d4lfhg2_6.pdb,CPVPPDASVKAWITPVSRAFINRTGYATYVVSLYDFWPIGVYVEIYYKNSTDLAPSQTQPVVNNGCSFATQVWITVPASEAEKEYLCGVNHANNPNGKEMHKLIPPA,107, 0.481,-0.1392523364485981,4.748200684847135
52,metric_1n1cb02_6.pdb,PAAFLAAAAVATVLLEPYGAAYMIGHFFIPTLTAFAKVVILFDKLGYSTLLAAVTIGVGYIVLAIAVRAVAILSRA,76, 0.550,1.4671052631578945,2.789742904075619
53,afm_d7ehpa__6.pdb,SVSLRHTQVRDDVRLRLKMLEDIAQVMEKAVPGLRVELEGVEDKVNRFEKLPAEMAAGNPPKIFDLFGGTDTAKYVKAGRLLELTPLLIAKGLKDAFPNLQEFTVDGKIYGLPTAYFVEGVFYNKQIFKQLNVDVPRTFEELMAVASRANESGFIPFAFASNDGWVANMMLNTLWVRTAGDDSVPGFVRGTRRWTDPDVAGGFQTYYYLVVRNFLQPGADGLKYAHQQYVFREGKAAMMFDGSWASAALVDAGKTKIAEDIGFFSFPDVGGKGDGMINGGYSNGYGFSASLDEQELAAAVVFIGWMYSEEMQKRQLKESGILPAMKLSDLSGVHPVIREMIQASELRQFPAFDSIVQAKVRETLEMCMQELILGKMTPEQVLDKMQKVQEDANRDMK,397, 0.432,-0.1838790931989924,19.79595429494204
54,afm_3gdwa00_5.pdb,SNANVGVFVLMHGESTASSMLKRAQCNTGANIGTAMNMPPTMPQREMGEQLINQVLLQKELLNNGILMLYDLDSLADFPLQLEARTGIPTLGIRNTSYRIVELAIGNAIAGKSLEEIWGEIINIRHLAECIR,132, 0.472,0.05151515151515149,6.135161265113502
55,metric_d1ayea2_9.pdb,GLVGWQLLEIVPSNERQINLLLVLLHGFPVGMFQAIFPTTPGETALVIVPFVYVDLVKQVLYIMGIAYSLVIKDIQQVLDGENAVMENLRNQ,92, 0.625,0.6369565217391305,4.04136290099465
56,metric_3fkhd00_1.pdb,MKVALHALKTLSRGVLAAPKGESYLLERVDFVVHDGTIWMLTTRATNMLSSGVDRSVLFVAGKKLDGFGFIYLYSGKLEILNNEERSQIAARMDVSSVERAEKLKLMRIVLEEITINFETL,121, 0.614,0.13801652892562,4.310158788427376
57,afm_d1tw0a1_3.pdb,MVGVVPVVTSTPIPPEMWYKILTKLSDEIYKYVPMPITAIFLVEGNGGVGTIKAIFAVEGDKVWMVVQKVDAIDEANLGYDYSIIGGSGLPPSLEKLSFETKVVAGSDGGAISKVLLKLHTKGEHPVSPAVINDAVEKAAGFFKALM,147, 0.652,0.3482993197278912,7.343471144923129
58,afm_5t76a_5.pdb,EPTKMYAEAVSMKNGLDIMEYVVKSQTAPDKEVQKLIAEMGEKLDGAKIPEEQKKKLRETLKSLKKVMDDLDTISRAAVTARNALKIQQFIASNPNQPLVILEMESGAPANALRATLSMFATASPQTSAMLFTVDNEAGKITCLCQVPPWVAQRILLAFAWVASIAGIMIGSLSGGATSAQATGTNVGCLQEALQLATSYAQLNLGD,207, 0.579,0.010144927536231616,7.9895774930068235
59,metric_1n1cb02_4.pdb,LALLLVQAALAAAHLSPAGALVVVATTVPPVFGNLSVVLAFTDLTGKGAAYAAATVLAAGAALAAAHAATSALYLG,76, 0.617,1.3736842105263145,2.8568730380271585
60,afm_3w6va00_6.pdb,PLERVVESALLMGGARFDVEDLACIAKLPRGAFAALFTRLTGVPPLDWLRIQRALRAQELLERSLFPVDLVAEACGFRSPVALRGIFAGLIGSSPAAYRAAARAR,105, 0.542,0.378095238095238,5.28602859577765
61,afm_5j10a_0.pdb,GVALWALSILALGLQLVALELELLLLLLAALFEPSPELQAKIAALAAVLGALALTLLPNPLHLLFLTN,68, 0.698,1.5117647058823518,2.4073973434631473
62,afm_2aq6a00_5.pdb,QDEIVLLVLASSTYAGIAAPGIDGVFGGRRYPAAFEIDRKTVCAVLDGSCWAAINLRLDPRAVVSLQSGEITNVAFGEGTGELTERAVVPDDEVAAAVYRLTVTINIAIPEPARFRATAVRRGLMVLRLPMEKLYGGVLGAC,142, 0.561,0.36338028169014075,6.228592310789648
63,afm_3kzqa00_9.pdb,MKAKLYYVHDPMCSYCWGVKPTIEKLKQQLPPDIEFEYVVGGLAPDTHLPMPPEMRLKLARIIACIMEETGTKFNPLFFTHHIPVRSTYQSCRAVIAAGVQNSYEQMLEAIQHAYYLLGLPPHLRVTHLYLAVKIGLDLGIFEYTMDSRYLEGVFQDQLSLAKSLGVNSYPSLVLQIDDAYIPVPVITKSTEPNLTLITTIYLENQ,206, 0.326,0.04902912621359229,10.669434489476892
64,afm_d1r0ka1_6.pdb,MVMELARHAIREGGTAPLVLDAAVHMARFAVKCGCIGEDEIATLAECVMAEVKPQPRRDVEEALRIRAAACAMAAEVAAS,80, 0.745,0.34125000000000016,4.048754995458767
65,afm_3onja00_7.pdb,MAQAALVAVQVAIQLALVAIEIARSLPPAQRAAALKVAEHVAGIMRDALAAARKAVTDVAGNLIEADALADEVAALENDLYAEVENRLRSLRYEAR,96, 0.676,0.3812499999999994,3.813084771573023
66,afm_1z08c00_6.pdb,PYYFKVVLLGPPICGKTSLVLRYCENKFNDNPIDTSGASSLQVTLNICGKPVFLEIWDTAGGHCFKNLGPIYYKDSNGAILVYDGTIPTSFYEVLNWVKELRKVLGPQICLCMVINKMDLYHARHVPPTRFFEYSESVGAMGYNVNAKQNINIEALFNDLCCNMI,165, 0.435,0.06060606060606055,8.098727106924354
67,afm_7k00o_8.pdb,MLSLEMNLSLCLEFGRSPDDFDSMHVQIALRTEQIKRMTGYMNKKPLAVNLATEAFHLENERDILLETLGKLEHECYKRMVEKLGLEN,88, 0.822,-0.35,3.2067577801106157
68,metric_4gyta00_3.pdb,SLHLPKYEDFRKSIRHLSLPMTVAELHGIMCGYLCAGDITGGLAYIDQLMIGNATPESLNGLLSMPSVFSISQQQMNNPDFEFEMLLPDDDASLSERARALIVWVEGFTQGLTIAGWGMSRLMHPFAQAALKFLMHLAQLDPLDTPKGPHGEVALTHLSHFTRLAVEMLHHEMRARG,177, 0.376,0.02372881355932209,7.7552354633050085
69,metric_3d3qb02_8.pdb,NEERVKKELKKYESMNDDEMHAVLASLAPLSARVTARGDCEAIREAIHWAFNTGHDLADARFFGEVV,67, 0.824,-0.45970149253731374,3.1470237427941976
70,metric_6eoua_2.pdb,MLLLSSILFQCRLYLKSLKASYSALRGNPLLAEAVSNAGNACKELGLLKFAIGFYQKALELKPFFIDGWINLAAALVAAGDMNNAIMAYTCAIAVNPDLYCVKSDAGNLHKAQGKLIYAPVLYQEAIKTQPNFAVAWSNLGCVFNAQGEIWLAIHHFEKAVTLDPNFLDAYINLGNVLKEARIFDRAVAAYLRALSFSPNHAVVHGNLACVYYEQGLYDLALLTYAPAAELQPHFPDWACNTANLCKECGQVDFAEAFYELALELCPTHADSLNNLANIKREQGNIEEAVRLYRKALEVFPEFAAAHSNLASVLQQQGKLQEALMHYKEAIKISPTFADAYSN,343, 0.335,0.1498542274052473,15.75407001040258
71,afm_d1t72a1_6.pdb,KIFEKLECIKQMVLDAAIFVQKAIDLATEALNKQNVELANNVIDLDVIIKFAEKAIEHGCYGAVSTWGPPRSILTMLAIIVNIVKDLERMGDEAENIAERAILLAEEPPLKPYENINRMSEIVKEMVNDSVISFIQQDTLLAKKVIEKDDTVDELYKQLRKELVGIIVLDPRNYKRALHLSEVALHYERIADHAENVAKYALLLSVAE,208, 0.849,0.022115384615384672,9.905163980778488
72,afm_4cema00_8.pdb,EFEESVGLVLSLWTKFERRKALRYANALAPLFRPKPYELLCLDSSIKKNTAFVKKLKTITEQQLASLKADFEGLNLSTYASEAVASIVEAKLKPSDVNCAVTLCSLFHRRYPEFAPLLLQVWKKHFEARKEEKTPNPEKLCADLRFIAELTIVGIFPPGEGSLLILEQLLNIINADRESHTHSLVVLTFCKYCGDDIAGLVPRKVKSAAEKFEVPFPPSEIIPPACQTPFQHVLKEYFTSLTKHLKRDIRETRNTAIQLVEIELTNGGLSEDRKKQVHKLSTSTELLRAKSTTLADLLDENPPTMP,306, 0.492,-0.20816993464052294,12.664561280874372
73,afm_4cema00_2.pdb,EYEESMQLYGERLKRYNFRRELRRCNERAPEDRPNHSTLAVLDSSIKKNTAFVKKLKTITEQQLLSLSKDFATLNLTKYVDEAVASIVEAKLNPEDVTCAVHLCSMFHRVYPTFAPTLFEVWKKHFEARKEEKTPNIAKLAVDLCFIAELTIVGIFPENLGLPLIQEQLKNIINADRESHTHLSVVLAFCERCGDDIAGLVPRKVKSAAEKFNLTFPPSEIIPPWGQQPFQILLKEYFTSLTKHLKRDHREMMNTARQVNRIAIENGGLEEDRTKQWHSFCTWWMRLWVFSESLADLLDENPPDLP,306, 0.347,-0.39575163398692886,12.103428739379472
74,metric_d3g0oa2_3.pdb,GILLLVMLDRAHLVVDSLAPCRLMALAARLIVHPVVPVLLAVTGEGASPPMAAVATCILRADPTRIRTVELLANEAGLALHLMRRAGIRMRELSAARDAYLAAAGLGVGALDEAAAIVVF,120, 0.508,0.8899999999999992,4.958231393607398
75,afm_6mq5a_7.pdb,PHPAMEACLALVLGKNVLFRLGHGQKLIDIFSNPKLLKDAHKDQTMLDKLVDGLATSWVNSSNYKVVLLGMDILSALVTADGPQFAAQIGTVLPSLIDRLGDAKDSVREQDQTLLLKIMTEAATPQEVWDRMLGGFKHKNFRTREGICLCLIATLNALGAQYLTLSKIVPHICNLLGDPNPQVREAAMDSLVEIYRHVGWRVLEDLYKKGLPPAIMNRITCRCENVRDRGNMIQ,234, 0.408,-0.017521367521367483,10.659525269669663
76,afm_d1blxb__9.pdb,DGLGECLCDAAARGDAEAVCLACHALDIHPDALDCAGVTALLRMDWRSLQVALHLLLKGASPNVQDANGVSPVHAAALNGAAQTLGLLLLAGADPNALDKLGRLPIALAIRRGHSQVVRILAPLSDLHHRDKHGMTPLELAKLDGAENLMLILKAYM,157, 0.476,0.2917197452229296,8.814253336293987
77,afm_4mkib00_9.pdb,MPIKVEDVGFVYNPGTPYKTTALYDINFSIDDEEFVGIIGHTGSGKSTLIQQLNGLLKPDSGKIYINGIDITDKKVPPSVIRRQVGLVFQKPEYQLFSETWREDILKGPRDMGGPEHEYEERIKEAAEIVGIPHEYPSFSPDYLSGGQKRRVAIAGILAMRPKILILDEPTAGLPPTERKDILNKIKEIHDKYKMITILVSRNMEDIARIADKIIVMDRGSIVLYGPPEIVFAAREGLKEIGLDVPNATGYALSLHRLGFPIPPHVLTPEELWEHCERVMRTR,283, 0.552,-0.27844522968197927,16.77495819959894
78,afm_d1dkga1_2.pdb,VEVVERLFVSYHKDLKKVVGWDHSVRAGYGQIVAVIKNGWTVQGKLLKPAEVVVADGPA,59, 0.641,0.1355932203389831,2.6603658893816586
79,metric_5z51a_4.pdb,TMAPECLALASAAQYPELAIPVFDRLTVEGFTTPAFADFRAAIDRAGGLPANCRGVNWVVAVMLNCDEPEAGVAAAAIATIPILVDDDRLPLYIIGVMARLGEVWLGRQIAEVISKLQRMSPIEQGDEYHALFEDLVRMQYERSMLCFLATADVGGKG,158, 0.699,0.32088607594936697,7.196731440365885
80,afm_5j10a_6.pdb,KVAALAARIAEYRKQEAELQAKARELEKILAVKPGLHDVATYGDMAVKQAAIRADITTYELELIWLTE,68, 0.685,-0.0999999999999998,2.2096940728136816
81,afm_d4fura__2.pdb,PNHGYLAAIGGIAAKARETLADGMCLDKRDAEAVLKNAIIEIASKIATLDEAAEACKTVIKKDQVRIGVAEKLPFLATGAGNKNGTGMAVVKKPIS,96, 0.724,0.06145833333333331,4.500276061802693
82,afm_d5cdka1_3.pdb,VYKAGYMHPWFVTDPERNVCEYENCKILLVDKKISTLGEIARIVSSAIQGNYPLLIMAEEVHNAALSALAALKICGKLKVVAIKAPGSGELRSSLLEDIAILTGGTVVKDGTGVILPLATDAVLGTAAKIVITPTVTTVVGDGSTAADVAKLVNDIKAGIYSTTSPEDVTALGHRIANLS,180, 0.651,0.3994444444444441,9.404394370432978
83,afm_1j5wb02_0.pdb,VYELVANYEIWKELAKEAIKNNAYLTAKEFLKNAINTMAPLIACGILNIEQCLERMNDLTELDKELSNSALITFL,75, 0.741,0.09333333333333335,2.4421011374559236
84,afm_4i17a00_2.pdb,TDPKVLKALGLEALDHKNYRVAYGYYSEYLKLTDYSDAVTNYNCGVCADNIGRSDEAAMYFKRAIALNWNIANAAIGVAAAYCKQLNTTEYIGTLNAALLNVPGNATIEKLLAIAYLKQGNRAQAAGDIATAEHNYNKACQVSSKKWQTDALYSLGVLFYNNGAEILAAATPMARKDKAVYAAHVATAKAAFAKALEALQRAVSLSPNRTEIKQMIDQVNAMF,223, 0.524,-0.09058295964125546,10.394415022976567
85,afm_d2zyqa1_1.pdb,SPRRLAYRRYETRDMETARYVALTVAGLVEGKGAPEGALYLRRDDFPAVVVYVPGEHVRLLERGYECADVVGLHCYYGALKACGVPAKHATPAEFADRCVECMIRFCGPGGDCREVFAGTALEHRRVVSPY,131, 0.500,-0.14885496183206093,6.016409345693551
86,afm_5t76a_6.pdb,PEEAKKWTAEFLKGLLLEMESLVKSQTSPNKEVQDLIALMGKALAEAPIPQWQKDELRETLKSLKAVMDTLDAQWKAPVGNRMMEKAAEFLQSNPNQPLVILEMESGATADALRNALEVFKAGSPQTSAMLFTVDNEAGKITCLCQIPPWAQKNGLVARAWANRVSVLMIGTSIGNAESAQITGTNVGCLQEALQLATSYAQAHLGD,207, 0.606,-0.15169082125603886,8.225296077239598
87,afm_d4dssb__8.pdb,MVVQINSPAEFYALLKAGHYLTVVDFFATWCGPSKMIAPGIEALAKFFPAAKFYKLDVDALPKVAQDAEVGSVPTLIFFKGGKEVTRVEGANPAAIAKAVASNV,104, 0.606,0.42307692307692296,6.903234004030493
88,metric_5t51b_2.pdb,GLLLGSTIAGFAFLFLLLTAPIRNPLTFLLLFYRYAHSPLSPKVLTIVRAGALAAAAIIPPTILLTIICLCNLPIIFGIIDGFLKHLFG,89, 0.531,1.3752808988764036,2.626478607669724
89,afm_d2nzca1_0.pdb,DKGYYGLGIKLKLTLGAVANVAKVLAKYLDNILLILIFNWCHENMVYIGVYVYIEDLYLTALENNLKAIPGVELKSYP,78, 0.545,0.47435897435897434,3.125911953523067
90,metric_5l87a00_0.pdb,GRKLLVAKALVYLTHPDVGLLPSAEQVRRMHAAGVSASQMEEAFRLAGRPVTQPAIAVLAT,61, 0.595,0.2573770491803279,2.8214737877165206
91,afm_d3o07a__8.pdb,LKGGVIMDVVTPEQAITAEKAGACAVMALESIPADMRKSGKVCTMSDPKMITAIMGDVRIPVMAKVRIGNEKEARIIERLGLDYIDESEVLTPADWTHHIEKEKFLYPFVCGAKDLGEALRRVAEGAAMIRTKGEAGTKNPYEALEHMARWPEEICACQNIPVRPKLALIAYRMRVPWAMFIDVLEKGKLPVVNFAAGGVATPEAAAMLMAAGCDGVFVGSGIFKSSDPYKLAKAVVEATTHANNPSKVKEISKNLGEL,259, 0.660,0.022007722007722004,14.311191493716766
92,afm_3zc0d00_2.pdb,GFEELIKRTEELIEAIAKLSALLDHLRVCSTGSIAAIHAGKVTHADALLEAALALLELVKKYREYPEFYEDLCREAMQELVEAIAFKNAISGNFTFDIDLEVTPAALLNGFAAAVGELRKYALTKLREGDFESARRMLATMVHIHRYLPEARKIRESEYGILSEKVDVMAELVHRTAEAMYAAR,184, 0.584,0.027173913043478347,7.488194040547691
93,metric_6s0xt_9.pdb,PLEENRYSRDALTRLAREVARWRPAGFVTLCLRAAHGHNLFADFFARLAVAVLEAFALTDLLPRAALSAVDACVRRRD,78, 0.493,0.10512820512820535,2.4523088578366714
94,metric_d3g0oa2_5.pdb,AIIGLVAADGAAVCYELARLAEAFATGYAAGVEPLATLALLVSSAGSSVAALTFGQYFASNDITPKYTVAFAAQALALYINTAADRGIRVPAAEEALAKFAKAMALGAAFLDVAAVIVLF,120, 0.546,0.9649999999999992,4.843610243659682
