,Unnamed: 0,file_ID,seq,pLDDT_mean,pLDDT_stdev,RMSD,clashes,clashes_per_atom,orig_delta_G,delta_G,delta_delta_Tm,delta_G_norm,pLDDT_norm,score,sol_RF,hydro_RF
0,3199,afm_6mq5a_7.pdb_partialdiff_4_seq_12.pdb.pdb,MSEKIKKLKELLEKGTPEDIREAAELLLEIFKDKELLEELKKDKELLEKILDTLLEKLLTEESEEDRKLLLETLKEMAKEFKDIILEKQEEILKTILESLESLSEENLELAIELIKELLKIGASVDLLLKLMIEQIKTGNEKTAEAVLEIAKELVEAGLLKDASIELLVEFLEEASKIKSEKVQKLLDELLRAIFINGSEEMVKAILEAPFSEEVKKKIEEIYEELKKEGKIKW,91.22828933474128,8.514463902097338,3.153945604906245,1903,1.004751847940866,10.65952597845608,16.18712141490984,,1.0,0.918985528789202,0.959492764394601, 0.852,-0.25641025641025655
1,1916,afm_5t76a_6.pdb_partialdiff_2_seq_29.pdb.pdb,SEEELKKKYEELKKKMEELIEKAKKEGLKVEELKEKLRELKEEIEKTDFSEEDRKELEKLLKEIEELIKEKEEKEKEEYRKELLEKARELFEKLKGAKVVLLRLPEKASEELAEEIVELAKEAGISGTVIVVREREVDGRIELTLFIAKCSESVKLTEEELAEALRRELGAEVEVEPGRIRVTLRSREEAERALRLIEELAREKEGV,86.22097417840375,9.890782086249056,5.671750736883188,1709,1.0029342723004695,8.225296873105371,14.153158217845712,,0.999955392021403,0.6997822335892271,0.8498688128053151, 0.884,-0.8521739130434779
2,3578,metric_3f9ua00_1.pdb_partialdiff_1_seq_3.pdb.pdb,MIKVDAYTLEECLKLMKEKGVLALVVVYHSSCPKCKELLEKMNEDEEVKKIIEEELKLVLVDLGSKEKLEEPKEVEVGGEKVVVETVAELERALLKKHTGKEGEECILILDAEGKQLVPPLPVSAPIEEILKALKEAVEKRKAAE,87.27602654867256,8.73701684181997,2.5927505844539485,1139,1.0079646017699115,6.185139495535611,10.185346751493752,,1.0,0.6860007600708211,0.8430003800354106, 0.899,-0.1903448275862068
3,1232,metric_6jlca_2.pdb_partialdiff_6_seq_24.pdb.pdb,MSKEELEELRKRLEECKKTLEEIKEFLEGSPLEELVEKLIEECEELIKIVEKKLKGEKVELSDEEIKERVEMLELVVKTLKTLVEAMKKVSEEYEEKLLEKMEELLKEFLKPEMTLEKVKELVKEVEKFLEELKPFEKRKPEEKLSKSYRKELKKELEEYKKKLEELKKKGADKKKLEELEKLLKKLEELLKDENVTVEEAEKAKKEVEKKLKELEKELKK,86.99991944146079,10.514177207327268,4.1675276584067,1873,1.005907626208378,10.239304820375576,14.661467489267311,,1.0,0.7447315181923555,0.8723657590961778, 0.835,-1.0339366515837107
4,5736,metric_6wrvc_1.pdb_partialdiff_7_seq_12.pdb.pdb,SEIEKKLEELVEKLKELLKEGKSKEEIEKELKKLDKNVIVVFFETLEEAEELKKKLEEKGLVEAIAVVDKVVIALTKTEEQKEKVEEFIKEY,91.2314907651715,8.2700284738508,2.8422996817505517,761,1.0039577836411608,3.4107072007277184,6.906953964050048,,1.0,0.8079037959305793,0.9039518979652896, 0.939,-0.5989130434782605
5,3196,afm_4lupa00_7.pdb_partialdiff_0_seq_9.pdb.pdb,MSFKEIAKKIKEGDEEVIEKLKKEIKEKVEKKVKEVLPEEKQKEVVEKIVKKVMEWIKETPLEEASKEELEKKIEEEFEKLKKELEEE,88.64458333333333,7.6888796901377185,3.100071722049472,750,1.0080645161290325,3.143708741167784,6.247633066598972,,1.0,0.6715455127795048,0.8357727563897523, 1.000,-1.1875000000000002
6,1707,afm_4i17a00_2.pdb_partialdiff_0_seq_20.pdb.pdb,MSKEEKLERIEELLERGEVEEAARLLLELLREEVVEDEELLKRVLEALIEAGKLELARELCELLIEKGVLPVYATRKLLELALEEGDLEKALEYFKKLMELVKDDEELQKELLELAKKLAEELKKEGKKEYLKELFEKAIELGFKEIALEFFKALLELLKEEAKRLEEEKKELEKKDKEKAEELEEKLEEVLKEMKEIAEKAKEFLPEKEEIEELLKEILEEL,89.30465442764579,9.125337736512588,5.223894432695892,1862,1.005399568034557,10.394414775253868,16.150353645499465,,1.0,0.8152534773095756,0.9076267386547878, 0.859,-0.5726457399103142
7,1205,afm_d2nzca1_0.pdb_partialdiff_7_seq_38.pdb.pdb,KLKKYKIKITCPGDKEVIDKIEELIEKYAEKILKKEIKIDKETGEVTLIYEIEATEENLKKLKEELEKIKEAKVEIEE,91.51207109737248,9.02843012392948,1.801065990645924,650,1.0046367851622875,3.125912225545856,5.536313829482534,,1.0,0.7992950558017349,0.8996475279008674, 0.908,-0.8025641025641026
8,913,afm_4dzza00_7.pdb_partialdiff_8_seq_17.pdb.pdb,MLIILLVETLGSDALAVGAALLIAACEKLGLSTALILTAPNEKTIELLKKIGAKAEVYIVETVEELEKKLEELKDKDVIIIVARDAPRELLEFCLKKADMLIIFAGSSEKSLKEVEEVMELAKKLGVKFKLPPVVVLLDSKLSSPETKKFVERCKELGLEVLPLELNTKEIMKQMEEKGLKPLELKNENVQKLIDYLAELIKKLLE,91.72546699875468,8.549318626171763,3.2217459547608303,1619,1.0080946450809465,11.9438126676564,14.627253391804452,,1.0,1.0,1.0, 0.761,0.18592233009708709
9,3049,afm_3w6va00_6.pdb_partialdiff_2_seq_32.pdb.pdb,MTKEVLELIRKLVEEGKSVEEILEALKKLPKKYIKEAEKELGKSIETIVKEEVLEKVLELYLEEPEKLEEILKRLGIKSKKELEELFKEVYGKTFEEILKKKLEE,91.48263157894736,8.252364966824254,4.039367537014667,879,1.005720823798627,5.286027968084975,7.8549119445830895,,1.0,0.7245394485514699,0.8622697242757349, 0.882,-0.5819047619047618
10,2400,metric_5jrja02_4.pdb_partialdiff_3_seq_33.pdb.pdb,KEKKELEEAIKFLKEYYKKSKININGEEIDLDKLDPEEVIEKNPKLAKDILEEVKKIKG,90.83236734693878,7.981514770035163,4.062310954195635,494,1.0081632653061223,2.9415625716291247,4.703846921567596,,1.0,0.6933805693775653,0.8466902846887827, 0.787,-1.0728813559322032
11,709,afm_5mfof00_2.pdb_partialdiff_5_seq_37.pdb.pdb,MSLEEVEKRLEELKKMNEEEQLEELERWGEEISESEEFREKLIEAGVVELLIELIKTSSNEVQIECLECLTEIASGSESQREALIEAGVVELLTELIKSEDEEVVIECLECLTEFASGSESQAEALIEAGAVLAALERAEKGNEEVQEEVAELLEEFLSKSRSILEKLVEAGALEKLEELAKKGIEIFKKVVEKFKEKLKE,90.89235182849936,8.471709391702689,2.858699402856597,1592,1.003783102143758,12.535966151392744,14.735126666782469,,0.8711239842453055,0.7132046072350526,0.7921642957401791, 0.923,-0.29800995024875626
12,18,afm_4i17a00_9.pdb_partialdiff_7_seq_36.pdb.pdb,MTVEELEKELEAALKAGDKEKAKELLKELAKKLKKEDVELLLKAFKKAIEFGLEELALELLKKLLEAGAPLSELLKLAYELIEKFGKYEEALELIKKALETLELKEEDEDEVVENVKKILELLKEAGKEKLKEELIELLLKSKNKKLRALALKEKAKELLKEAEKLLEEKKKLEKIDKKKAEEIEKKIEEKIEEIEKILEELKKLGVKDEELEKKFEELKKKL,87.48672149122807,9.841617811008971,5.170322277627479,1831,1.0038377192982455,10.358261641890824,15.772166148674604,,1.0,0.7511600398658091,0.8755800199329046, 0.782,-0.6475336322869958
13,1832,afm_2x49a03_7.pdb_partialdiff_4_seq_24.pdb.pdb,MSKEEIEKIKEELEKKEPEVVKKLEEILGKEKLLELIKKLKEAGFSLEEILEIFREMVKIYEETGDVEKVLEYFEELLKKKEEEKK,91.33625859697386,9.12569111488111,4.007162750708107,733,1.0082530949105917,3.255633791000045,6.168475618446581,,0.9989634214384937,0.8149819652557021,0.9069726933470978, 0.883,-0.7988372093023258
14,3634,afm_3onja00_7.pdb_partialdiff_9_seq_7.pdb.pdb,ELEKLKEELKKLLEEVKKLMEELKKAKPEERPAIIKEIKEKLEKAEEVLKKLKELVEKSKENKEELEKELKELEEEFKKLKEEVEKEIKKIEEELA,88.02482800982801,9.758855613519044,3.092222057604999,816,1.0024570024570023,3.813084922380256,7.0083715484175695,,1.0,0.7387916380583573,0.8693958190291786, 0.883,-1.258333333333334
15,3908,afm_d1t8ka__0.pdb_partialdiff_5_seq_25.pdb.pdb,MREEVLKKLAEFLGKPVEELKPDDKLEEILGTSKKETLEKLKEFFKSLGIELSEEEIKKLKTVKEVVDKVVEKLK,90.17503267973856,8.577784260168098,2.4651610109183144,616,1.0065359477124185,4.162788087791424,6.161067609026576,,1.0,0.7927476169133563,0.8963738084566781, 0.819,-0.6079999999999998
16,5577,afm_d4dssb__8.pdb_partialdiff_9_seq_21.pdb.pdb,MIIEGASIEEVKEIIKKTKKIVIVLAYAKGCKKCEEIKKFLEELAEKYKDIIVCIVDIEKYREELEKEGLKKAGDILIYKEGKKLKIITSSDKELIEKEIKKAL,90.67812872467223,8.562560311938364,1.5887374882171008,843,1.00476758045292,6.903233596749815,7.944709414704625,,1.0,0.7557788221390532,0.8778894110695266, 0.818,-0.25865384615384607
17,1617,afm_3f9ua00_6.pdb_partialdiff_5_seq_23.pdb.pdb,SIKYVNSNLEEEIEKALKEGKIVITITYPPESKECVEIVKKLSESEEIKKLVEEGVVVLAHSLGSKEKLKEPLTVEVDGKKVVVETVGELERLEIEKELGAKGKLVVEVRAPSGEKIVEIFEESESFEEVLKKILEAVEELKKKM,88.98322524101665,8.801100246765056,2.6175256105072595,1149,1.007011393514461,7.263573902711289,10.930402726447594,,1.0,0.8756523331001198,0.9378261665500599, 0.951,-0.28551724137931017
18,2592,afm_d1blxb__9.pdb_partialdiff_7_seq_39.pdb.pdb,KEALKELLELLVKGDFEKAEELIKEKGIPKDAVFSGLTEEVVKLAETEPEAWEKLKELGFGPFDPKDSAGAAVETLIRLGRVENLRILVEMGNKLLDSVKSLEEAVKLISELGRLEILRLLLEEVGVDYILESGKTLIELLEELGDEEGVKIAREMK,88.3133360455655,8.397761079113135,3.8409525478212,1239,1.0081366965012204,8.814253353550747,11.960141021483317,,1.0,0.7138253175011344,0.8569126587505672, 0.901,-0.10891719745222918
19,172,afm_1j5wb02_0.pdb_partialdiff_7_seq_15.pdb.pdb,IEKLKEEIEKLKKEAEEAKKKGDKEKLLELLEKRVELLEKLIEEESLSEEEKEKLKKEKEELEKEIKELKEEIEK,90.69806907378336,9.17879997954001,2.581360265139996,636,0.998430141287284,2.442101013027834,5.987055151318959,,1.0,0.7710264975600138,0.8855132487800069, 0.883,-1.469333333333334
20,5378,afm_d1iiba__7.pdb_partialdiff_9_seq_11.pdb.pdb,MYKIVLVAEETEKNKKLAKEIEKKLKEKGIEAEIKIVKPEEAEEYAKKGAIIIVKESQKPLVEELRKKGLKVEIIVIEDEELEKEDVESIVEKIIEKIKKLEE,90.19972586412396,9.01975653329881,2.4981378309370803,842,1.0035756853396902,5.631650796776039,7.924516109723591,,1.0,0.8354747427786184,0.9177373713893092, 0.969,-0.5834951456310677
21,4099,metric_1n1cb02_6.pdb_partialdiff_4_seq_36.pdb.pdb,MKEIEEELEKIKKGEYSEEEKLKKLIEIYKKKIEELKEKLKKEKDEEEKKKIEEEIKKLEEKKEKLEEELKKLKEE,88.0785391566265,9.896387177139548,4.4939634095259615,665,1.0015060240963856,2.7897427752105965,5.398908586115349,,1.0,0.7689991236132373,0.8844995618066187, 0.852,-1.8302631578947375
22,663,afm_d1r0ka1_6.pdb_partialdiff_3_seq_6.pdb.pdb,MKKENEERYKKLSKLDQKVYDEVKKYLEKLVKEGKISEEEAEKLLKEVIDELEKNPVKTEEEAEKRAEEIKKEIEKKIKE,90.33125368731564,9.408540687303566,3.076015700586896,680,1.0029498525073746,4.048754832071132,5.800230343014576,,0.9851362470149454,0.8377346116404729,0.9114354293277092, 0.871,-1.4962500000000003
23,1454,afm_6ne2b00_4.pdb_partialdiff_3_seq_33.pdb.pdb,GKEKLEELLKALKEKSDEEVIEWIEKNFKINELLASGNTLLNLAIELGREEVAKYLIEKGEDVEALTAEGLTNLELALKEGRLELAEYLLEKGADPRLIGPGFEEVMRTIFEEGRLEVLRFMAEAGLPREVVTASGKSIMEIAVELGDLEGLKTLIEAGFVIPEVDALGRSLLDLAEELGHEEIKELLEEEL,91.89349333333334,7.459100771507373,2.868759831067909,1513,1.0086666666666666,12.256406278952218,14.617340464286167,,1.0,1.0,1.0, 0.880,-0.10104166666666649
24,4425,metric_1n1cb02_4.pdb_partialdiff_0_seq_22.pdb.pdb,EKELEELLEKLKKEKPSLEELEELKKKLEEKIKELEEKIKKEVKDEEEKKKLEKKIEELKKKLEEVEKKIEELKKE,85.28832572298326,10.317071644341455,3.777602984479109,656,0.9984779299847792,2.856872730120977,5.69545397681083,,1.0,0.5615117242543549,0.7807558621271775, 0.852,-1.7039473684210538
25,4421,afm_6hk5a_6.pdb_partialdiff_8_seq_35.pdb.pdb,KEKEKKEKIEKLKEEKEKLEEEIKKLKEKLEKENLSEEEKKKIEEEIKKKEEEIKKLEEEIKKL,91.94767441860463,8.439235129089464,1.95803158315061,558,0.998211091234347,2.342715067426478,4.875492940015244,,0.9928670505981936,0.8970522755891489,0.9449596630936712, 0.762,-2.059375000000001
26,3266,metric_4ymud00_6.pdb_partialdiff_6_seq_3.pdb.pdb,SAKLEELKKEAREFYKELLEEAKKVVEEIIEEVREYCKELLKSLLEGDKKKLEEVKEEIEKLEDLSTEELIKKKLEEAKKKGEKLDLKELIKESLLEKLKAEASKFLIELYEKLKKEVEEELKKKGDYSEEKKKEEIKKRLEEELEEKLAELKLEAFKEYVELVEKLDEEVKKKIEELIKKSGDKKLIEEIKKELLEEELKKLKEELEKELKEKK,88.35445118587975,9.79028048839011,4.212033182276805,1820,1.003861003861004,11.08295462264826,15.028256187394112,,1.0,0.8852323199384232,0.9426161599692116, 0.865,-1.1093023255813959
27,1075,afm_d5tzma__5.pdb_partialdiff_5_seq_21.pdb.pdb,MVKFEKEDIEVEVKEGEETTITIKTSEKVKLEEVKVRDVDTGKPLEELGAKVEVENKEIKITLPPLEKGTKRTIEVEVPGAKVTIKVTVK,88.99033946251768,8.557671120817902,2.49882613551895,711,1.0056577086280056,4.318908797379341,6.590977039759495,,1.0,0.774187073589886,0.8870935367949431, 0.946,-0.5222222222222221
28,1625,afm_d3ldza__6.pdb_partialdiff_5_seq_29.pdb.pdb,SPVEEALETLMDPSLKELSPELREALIEALVRSGEVVRRLMEGLIEALKKGEIKIAKMILEVLVEAAPLMSRENLEELLDPELLERLFEELKKLSEEVKEELTPLLNELLKALSERLPPEKVEELRERLEELGIKIE,90.2118306010929,8.438541935152811,3.679093140269392,1106,1.0072859744990892,6.204241659847435,10.225233770189398,,1.0,0.7286287429823692,0.8643143714911846, 0.883,-0.19416058394160582
29,5618,afm_3adga00_8.pdb_partialdiff_5_seq_11.pdb.pdb,SEEKLKEIEEKLKKYGIDKVEIEEVVGEDKKTKLYNVSLYKDGKKVVEVKGCSSVLEGLEKAVKKLEEKE,90.95450980392155,9.157281225712069,3.784213365938668,563,1.003565062388592,3.841568345359185,5.203248067203684,,1.0,0.9413459295186801,0.9706729647593401, 0.847,-0.8628571428571423
30,4411,afm_d1xqra1_7.pdb_partialdiff_2_seq_16.pdb.pdb,SEIEKKIKEIEELLEEIRELKEQPDTEENRERLRELLEELTEKVIEALKDDEAAKKLLEKGLLERVIKELVEAGEEELLVRLLEAITELAKRFPKLVEEKLLPTVVRAIKWLLETSTDPELRTRVLEILTELVKIIPAFAGAALEEGLVDVVVELLFSPDPEVRTAAARLLTELAKNRPEETAERVKERIYEIIELALSLPPDESQLALLRLLVLLFEKQPELIESLEERKEEIIKGLEERLEELKKDPSKEELAELVERLIELLKK,91.42067648412332,9.017554026425714,3.1786632735587443,2192,1.0087436723423835,11.211736948403734,19.27516276006107,,1.0,0.9228953921042327,0.9614476960521163, 0.849,-0.2835205992509369
31,1144,afm_d1u7ba1_2.pdb_partialdiff_7_seq_30.pdb.pdb,MLRVRVVDLEALIAALEEMLKLNEKVELTLEEGRLTLRCTSKDGSETLVRELPVELLPDSVLERPVVLRANVSDLLELLKKARPDERVYLVVREDPHVLEVVYESGDPADKSVRREVLEGVERIEL,89.36926441351889,9.5837509070522,4.048911516915213,1014,1.0079522862823065,4.570562343336959,8.366100802798094,,1.0,0.7444996011838341,0.872249800591917, 0.762,-0.11428571428571416
32,2271,afm_7k00o_8.pdb_partialdiff_2_seq_35.pdb.pdb,ELSEEEKKKLEEKLKKFSEEIKKKILEYIELLKKAKELEKKLKENPEDEEAKKELEKLKKKIEEIKKELEKEGNEEALKLIEEVEKLL,91.11764075067023,7.762390125904511,4.897317011783504,748,1.002680965147453,3.20675793499716,6.34699755776213,,0.9966330864725889,0.9143128194293326,0.9554729529509607, 0.832,-1.3454545454545466
33,136,afm_5j10a_6.pdb_partialdiff_1_seq_25.pdb.pdb,MKKEIEELEKEKKELEEKIKELEKKLEELKKKGAKKEEIEKIEKEIEELKKKAEELKKKIEELKKKLE,89.40413379073756,10.771546578847548,2.114447262115518,582,0.9982847341337908,2.20969407609289,5.5637754402577775,,1.0,0.4919469719263505,0.7459734859631753, 0.762,-1.6941176470588246
34,2651,afm_d2j5ya2_6.pdb_partialdiff_9_seq_27.pdb.pdb,GKKEKLEKAKKKVLELLDKLGNKDEKLKEEILKEKSISKLEEKAKELEEKLK,92.83126463700236,7.195801807662226,2.661001069103915,426,0.9976580796252928,2.6590302165139263,4.03396965608308,,1.0,0.7861792282052517,0.8930896141026259, 0.883,-1.3519230769230768
35,4657,afm_2aq6a00_5.pdb_partialdiff_8_seq_37.pdb.pdb,MKELALELFAKQKKVKVKAEKKDGSILEEELYVTTDLETGELKTLLPKGHPLVELIKEGSKIIIEVESPDGSAHVKVEVEAEVREVKKEDKEFIEKHVREVGEAEGWSEEEIEKKIEELLEKETVLVTFKIKKVLEISESLQ,88.64695614035088,10.385032652517776,3.8639717771844975,1151,1.0096491228070177,6.228592613232339,10.195633662537412,,1.0,0.7705827011864026,0.8852913505932013, 0.939,-0.5000000000000001
36,5708,afm_d1t72a1_6.pdb_partialdiff_6_seq_34.pdb.pdb,SSKEKLEELKKRVLELLEKLSEAIKLLIKYIETGDEKLKEEALKLLEELEEEAKELIKEIEEILEKEELSEEERKELEALKILLEMILLQSEMLRLILEAAELAKELGLEDLLKKLKELLKKLLELNKLIKEALETEKLEKLKEAEKKLEEAEKILEEILEKVKELAAKDPRYEPLLETVEKLKATFDEFKKKFKEFIEKFKELIEEK,90.1541050808314,10.238627871969904,3.9491613018609417,1739,1.004041570438799,9.90516432947854,13.819961657890069,,1.0,0.7193535775569295,0.8596767887784648, 0.869,-0.5413461538461546
37,3048,afm_1xawa01_1.pdb_partialdiff_0_seq_25.pdb.pdb,SEKIKELEKKLKELEKKVKELEEELKKKEEKIKKLKEEIKKLKEGDPEKKKLEEELKKLEKELNSEEYKKKLEEIEKLKKEIEELKKKLKELKEK,88.14179268292683,10.335942531553432,1.425874753156371,821,1.001219512195122,2.998919914155798,6.923072831448345,,1.0,0.6689232311335728,0.8344616155667863, 0.883,-1.787368421052632
38,1164,metric_d3gqba4_4.pdb_partialdiff_7_seq_10.pdb.pdb,SSLLEELLKKKISEKLIENLKKLKEILEEYEKIKKEIEKKKEEEISEKEKAKAKLGESLKKFLELLESGNPNIEKISDEELTKILELILEVIELTEKLLEKGIDVTEEVIETLEKVTELLKEGKSEEAIKLLEELKEKLKKLLEETP,86.20221666666667,11.137706129835909,5.010893946958702,1202,1.0016666666666667,5.89750019925614,9.73451045989365,,1.0,0.6867453330302775,0.8433726665151388, 0.883,-0.6353741496598649
39,5235,afm_5z51a_5.pdb_partialdiff_0_seq_13.pdb.pdb,DVEKYVELVVLALYVYDKLPEEVEKLLELLSSNPVVKLIIEAVKKTGLEGKSIKDEENLKKLLEELPSEELKELFKKKAEEAKKLPLEVLELKVKLEYLEKKAEEIKKKIEKLEKELEKVPEEEKPKVEEEIKKLKKELEELEKKAEELRKKIEELLA,89.2916539050536,9.015143650562631,4.6792077884419445,1316,1.007656967840735,7.246638691838685,11.340574055805789,,1.0,0.7575424178410652,0.8787712089205326, 0.928,-0.6955696202531648
40,3313,metric_6eoua_2.pdb_partialdiff_5_seq_11.pdb.pdb,LVEELRELRRAGDLEGLRRLVEERREELLADPEAAVEVIRLLLEAGLYELARELAEEVLARDPSNVEALRALAELYLREGDLERALELLERALALDPSIVDLAVALLERCLEAGDEELAERVVELIEEVLSEEPKAQKALVKAYVHRGDWEKAAELIEKFPEEEFKDPEMLLIAMEVYARLGDVESLRKLVELALEHCEEDLELLLRLAELCVRCGDVESARRLLERAEEVLEGDLEALLRLAELCVRLGDEERALRLLERAAEVAEEDVEALLRLAELLVRLGLEERARELLERALEVVREDVEALRELYELARRLGLEELAEELFERLEELDEEVAEELEE,87.24424121695039,8.826339362076835,6.315622104105896,2779,1.006519377037305,15.754071504679196,25.145753090840056,,0.9386562959390933,0.8690206108294002,0.9038384533842467, 0.717,-0.15685131195335275
41,4607,metric_d3g0oa2_3.pdb_partialdiff_3_seq_25.pdb.pdb,SSKLKELEKKLEEAKAWLKVLELILKAKKEGKDVEKVLEEKIKDPSLSEEEKKLLEEIVTGKVDPSVTLDSLLEEAKELLKEAKEAGLDTSDIEKLIELLEELIKEGYSGKTLSEIVKEL,89.505,7.748478959477039,3.8522783500196063,954,1.0042105263157894,4.958231291450478,8.71283874732906,,1.0,0.8784795093657489,0.9392397546828745, 0.883,-0.49999999999999994
42,2111,afm_d1dvpa1_1.pdb_partialdiff_0_seq_30.pdb.pdb,MVEELKKAVLEGVSEEELEKLTEELIEALKSGEVSPEEVRNMLLELLETGDEEVLLRTLKIMTRLVEELSKEQILEIFDEEFIEALEKLLEKLKNKEVLEELQKLLTLLYKKLKGSPIEEKIKKMIEKLEKEGIKIEKLPE,89.45092962641182,10.235754423260854,3.242903198720436,1157,1.005212858384014,6.158005838167782,10.157932002732531,,1.0,0.8510730988262728,0.9255365494131365, 0.883,-0.35886524822695015
43,3914,metric_3mm5a01_5.pdb_partialdiff_0_seq_9.pdb.pdb,MSPEEKEKKIKELEERIKELEKKIKEAEEKEKKGEKVEDLEKLKKEKEKLKEELKKLKES,90.21542074363992,9.122222562483906,7.397958033883532,511,1.0,2.769794931100413,4.408983058573539,,1.0,0.8299858980190847,0.9149929490095423, 0.766,-1.9250000000000012
44,2357,afm_d1blxb__1.pdb_partialdiff_3_seq_24.pdb.pdb,SPRLEEIVERARAGDVEGLRRLLEENPLSEEERRELAQRLAEEVPIRSAEVVRVLLEAGVSPETKLADGNTLALRLARQGEEECLRVLVEAGVSPELKDPEGNTLVMVCVRAGLYDVALELLKKSGKEFFDPEGRSLIDVLRERGEEELAKEAEEIL,89.94421352893235,8.344098730139523,3.003920216374022,1237,1.0081499592502037,9.544136432877016,11.949697254373213,,1.0,0.8570317048096772,0.9285158524048386, 0.820,-0.36815286624203836
45,1821,metric_d3g0oa2_5.pdb_partialdiff_6_seq_20.pdb.pdb,MSMEEELEKKIKETEALLEFFETLEEEIKKGKSVEEIYEELKKKGKLTEETEELMEKIVKGELTLRELLEYLIKKLEEVIKMLKEKGIKDEKYEEKLEELKELLKEELADLPVVEYLKKK,87.66109126984126,8.066161729366273,4.331965891938252,1015,1.0069444444444444,4.84360997075572,8.500246937823658,,1.0,0.8447877600766833,0.9223938800383417, 0.883,-0.7991666666666669
46,4870,afm_7k00o_2.pdb_partialdiff_4_seq_21.pdb.pdb,MLSKEEVKKIMKELGFSEKLINEVFLKKLELEKEAEELKKKIEKNPEDEEAKKKLEEVEKKIKELEEEINKLPKELVEKLKKKLLGEK,84.51172789115647,10.950220090703551,6.38771272648513,738,1.0040816326530613,3.730886510609059,6.356253830899764,,1.0,0.6202082596741773,0.8101041298370886, 0.762,-1.086363636363637
47,2878,metric_d7jjka__6.pdb_partialdiff_4_seq_7.pdb.pdb,MEEEAERRLFEELLARLRAEHPELSEEELRRLAREEWAALPEEERRRLLERVLEELRRREAE,90.74871323529412,7.298838109717786,2.456626245490077,549,1.0091911764705883,2.014164831894997,4.472680419096196,,1.0,0.906339644462108,0.9531698222310541, 0.763,-1.2500000000000004
48,546,afm_5hvoa02_6.pdb_partialdiff_5_seq_9.pdb.pdb,IKELEEKLKEPEYQKKIEEVLEKRKGKKVIVIIVFLSKNSDTELILEALKAIFEAVKDELAGRVIEIIIVNTDEDEEDEKIVEEKGKKLAEELKKHLSWESLGEVEVEVGKLSTVELAARCAGADLAILLTGEEGNEGLVELAYYLAIVEGIEVLALAPEETLKKLKGIETVRLEDIEEAVEKFKKLLALSEEEKEARRKALKELLEK,88.80784111582777,9.495489441287104,3.771532779007822,1659,1.006064281382656,9.662833623668206,13.999588462816424,,0.9557583215130054,0.9686300426064719,0.9621941820597386, 0.926,-0.24855769230769217
49,433,afm_3w6va00_1.pdb_partialdiff_9_seq_2.pdb.pdb,SIEEIVEKIKELAREGYSQREICEALGISRATANRLLKRELGKSLSTVIAEARLEKIIEYILETGKSIREALEELGAPSLSTVNRWAKRLYGKTLREIIEEIKKK,91.22271428571428,8.588624361817272,2.7983316556445788,846,1.0071428571428571,5.097916482073343,7.877878575684231,,1.0,0.7756420436036388,0.8878210218018194, 0.806,-0.38952380952380933
50,5427,afm_d4lfhg2_6.pdb_partialdiff_6_seq_8.pdb.pdb,MEVVKKEKLKVKVEFAPAEEMKKSGKLKVIVTIEAAKGNEIEVEVEYDSGVKLVSEKLELLKEEEGKVYYKLTLEFAASSAGEKVKVTVKGKKTGEEVTEEIELKAP,84.31382953181273,11.69745468100539,4.948591799531616,839,1.007202881152461,4.748199850770397,7.381842354919037,,1.0,0.5233477185476486,0.7616738592738244, 0.884,-0.4140186915887849
51,2528,afm_5j10a_0.pdb_partialdiff_9_seq_9.pdb.pdb,SKEKLEEEIKKLEKEIEEIKKKIEELKKKIAEGPSEEEKKKLEEEIKELEKKLEELKKKLEELKEKLK,91.76708117443869,9.002724613263334,3.093080749978504,579,1.0,2.407397372897228,5.429586922823383,,1.0,0.6428777824613183,0.8214388912306592, 0.762,-1.625000000000001
52,4806,afm_5uh7a_9.pdb_partialdiff_2_seq_28.pdb.pdb,MKIKLKLKDIDEEELEKLFEEKIKKIEEELKKIREEAEKKIKEIKEKLEKEIKEMKEKGASQEEIEKLKKEAEEEIKKLKKELEEKEKIYNEVIEILKSKKKEVIVEDEEAAKLLLEELKDVVEKVE,87.1582276119403,10.596671703768315,2.648944149224754,1073,1.0009328358208955,4.835419097322379,8.65966407614194,,1.0,0.8707359928884866,0.9353679964442433, 0.883,-1.1401574803149617
53,2424,metric_3shgb00_6.pdb_partialdiff_6_seq_36.pdb.pdb,MSEEARQKKIEELEKKLEEAKKKGDEKKAKELEKKIELLKKGYSMEEIEKILKEEKE,89.21054507337526,10.22429449994466,3.2229113583482225,477,1.0,2.2871547426832244,4.214932665715142,,1.0,0.7384266421459766,0.8692133210729883, 0.768,-1.596491228070176
54,1511,afm_d3rwoa__3.pdb_partialdiff_8_seq_24.pdb.pdb,MKIKILIIFTKSASRLFNMLKSYLETGEEVNEVVEEFEKKKFTIYSEKTGKEYEITLLNVVDFEKEKEEVLEIAKECDGIILVGRVLTKEEAEELIELAKKLKEATGKPMLLIVDTTGIEDEELKEELVKYIEEEAKKLGVEVMVREIRNGKELEEALEEALVRLEESM,89.32027798098025,8.93927969387713,3.8226784836174033,1376,1.0065837600585223,8.734842223633441,12.539101220896589,,1.0,0.9402228442295715,0.9701114221147857, 0.939,-0.30236686390532536
55,5283,afm_d6am3a__1.pdb_partialdiff_5_seq_10.pdb.pdb,MSEEELEKKLEDPELLIEDEELLELLLELTKGTPVALDIRLAYLLKKILEEKDEKKKEELRKEAIELLENEVDGKRLSLSEEEKKKIIEALESGDEEKLKEQLKLVLEHIKTELRPVLEEKGILEKLREKV,85.69463821892393,9.954005842887897,3.679630961888003,1082,1.0037105751391466,5.211335856107019,9.317905481262724,,1.0,0.8063503266458676,0.9031751633229338, 0.883,-0.6969465648854966
56,1489,metric_d4a5xa__6.pdb_partialdiff_5_seq_14.pdb.pdb,MEEEIKKLKEEAEKLKKEGKLEEALEKIEEIIKLLEEKKEKTKDEEEKKKLEEEIKKLKKEAEEIKKKIKEL,91.51237315875612,8.378971694305148,1.822414656522627,610,0.9983633387888708,3.239301250174724,5.574576663908635,,0.9717661787223647,0.7348330302584196,0.8532996044903922, 0.809,-1.5652777777777789
57,4834,afm_d3ldza__5.pdb_partialdiff_4_seq_17.pdb.pdb,SEIEELKEKILKAESEEEIKKLIKELIEIAKKSEENQEKVVEAIIELLEELSPEKAALVIIELLKELKKLSVELQKKLLNDELLKKIEETIKKLSEEQKEKVIKEIEKLIESLKNDEEAKELVEKLEELLKKVKKPK,89.62522241992883,10.102697595386324,3.469085463131846,1125,1.0008896797153024,5.403327659811715,10.109219426514416,,1.0,0.7876586559833499,0.8938293279916749, 0.883,-0.624087591240876
58,4484,afm_d1tw0a1_3.pdb_partialdiff_7_seq_34.pdb.pdb,MVTEVTVTVETIAEKEKVKETTFASILEKLEEKGFKVDKITLSNKELKVGEKNTLTLEIDGKTYTVDVELVEEDKEAGKKKYRFTNVEFLGQKVKELILEIETEELEDGKVKVTITLTAIREDGSEFSEEFKKKLKELADTIADILK,86.56822978723405,8.598727458144761,3.760358863065673,1182,1.0059574468085106,7.343471557570025,10.039676688626862,,0.9554866658170562,0.7148397769459106,0.8351632213814835, 0.959,-0.4714285714285718
59,5725,afm_d4fura__2.pdb_partialdiff_4_seq_30.pdb.pdb,SSEELKEKLEKIAKEAKKKLEKGEPVSKEELKALLIVEAVKKIEEGENEEEVFKEMIKKMRELGFSEEEILEAAETLRKLEVKGKKIEIDLSPLLK,86.5126002587322,10.429391886447071,4.357795241205746,776,1.0038809831824065,4.500276343140313,7.157063456740651,,1.0,0.7395339422468081,0.8697669711234041, 0.863,-0.7177083333333338
60,528,afm_3gdwa00_5.pdb_partialdiff_2_seq_30.pdb.pdb,HMIKIVVVIIAKTLEEAKKVAEEIKEKTGLEELKFFLLESSLPEEELREKLEEIFEKYVKKEGAKMVVAADTKEDVEIAREVAEELGVDVLILEDIDVEELVEAIKRLAAGESVKEVEEKLKKKREERKKKE,90.66968105065666,9.383464864106555,2.8017055107603106,1071,1.0046904315196998,6.135160923218489,9.259349238075464,,0.9850595635822981,0.7857572028377008,0.8854083832099995, 0.942,-0.43030303030303013
61,2153,metric_5z51a_4.pdb_partialdiff_2_seq_21.pdb.pdb,KKKELIKKIALCILCAEKLPDEVLAILEAMKKDPLVSELCKLIADYLKKNKKPSPEEILEYLKKELKDEELIKELEEAIEELKKLPEELRELLVQKLYYELKIEELKKEKEKLEKEYEKLSEEEKPKLEKKLKEIEEEIKKLEEKLKEIEKKIEELLE,92.28683972911963,8.053189329617265,4.446720657151375,1339,1.0075244544770503,7.196730681620027,11.43149234157295,,1.0,1.0,1.0, 0.871,-0.8234177215189878
62,3734,afm_1z08c00_6.pdb_partialdiff_1_seq_30.pdb.pdb,MEKIGIVLLARKGSRIIELAKSIEELKFAENKPEDKEIKVSENEIEVDGKKVKVSCLILEPSESSIEKIIELAKKVDKLLLIAEVRSEEEAEKILKIVEEVKKETGKPIVVILAVESEEEKKRLEPLLKELEKRLKELGVEVFVRVIETPEQLKEAIYEGIKKLL,90.0563712121212,9.419402874201989,4.361597181717772,1327,1.0053030303030304,8.098727364860487,12.28747867812609,,1.0,0.9386596214479505,0.9693298107239752, 0.811,-0.2375757575757575
63,5752,metric_5l87a00_0.pdb_partialdiff_1_seq_37.pdb.pdb,SYKEKLEKVKKLLEDEEFKKKSVKEQIEECKKLGISDEELIKILRELGYEKLAEEVEKVIS,91.6849704142012,8.242926261281568,2.9454864595904278,509,1.0039447731755424,2.821473331418568,4.806759257327264,,1.0,0.8419339668130366,0.9209669834065183, 0.857,-0.8508196721311472
64,5704,afm_d1gq2a1_8.pdb_partialdiff_7_seq_35.pdb.pdb,MKALVTAVYAAMKLVLKLSGLEPKKVLVVLNELSEEAKAVIKAVALFLKDCGFSEEEIEKKLTVLNLEKLKDKDVVEEITVDEDLKVKLYQVKNPSELIKEIKPDLAVLVLTSDEVFSEELIETICEECKGIVLINTSGNEEVSLKLLELVVKHAKEGQVLVSLNDVPPVEHPDAKLAHEIRISVEDFELVLKELEKLVPEEAITDEMLVEMANVAAEKILELAKERKTVVLTPEERAELAVEMAEKGIELLEKKGIKISEEDKEKLLQKIREKL,87.08990736452061,9.959874450244373,4.59146160040143,2176,1.0078740157480317,14.830091290953352,17.64108844228549,,0.9394072752323427,0.8566114587373405,0.8980093669848416, 0.804,-0.013090909090909016
65,2902,afm_5t76a_3.pdb_partialdiff_4_seq_18.pdb.pdb,MKEEKEKKIKELEEKLKEIFERMEKKGVITKEDEEEIKKLLEEMEKIGVPEELLKKIKEEVEKKLEELKKKEEEKRKELKEKVYKELAEELAKKKGPSLHVFELPESLTLEDAKEIARELVEKHPNNVVILFGKDEKEGKYYLVLGVSEKMLKILKSPEEIGKELEEKTGEKVEVEGNLLVFETEDEEKAKKVRELLKELIEKELKK,86.07668608037274,10.026243479019508,4.579085908282908,1730,1.0075713453698312,8.212775241749796,14.54955168920204,,1.0,0.5535968624869001,0.77679843124345, 0.893,-1.0009661835748795
66,373,afm_4acfa01_0.pdb_partialdiff_2_seq_8.pdb.pdb,SVEEARRLLDELGIEEVIARLTNAAGEVTEITISRETFLEGVAGRELVLPREAVPRVAAPRVEALAVRVDVSSIRVEEVDGEKRLVVDLVVVRELGVSPAALA,86.81855128205129,10.409273925182529,5.356883558390519,784,1.005128205128205,4.302446942922984,7.251668936478596,,1.0,0.6902987421278752,0.8451493710639376, 0.743,0.2631067961165048
67,1230,afm_d1seda__4.pdb_partialdiff_1_seq_9.pdb.pdb,MEEEKLKELEEKLKKLEESKSEKERIELKKELLGIKEEEFEKLKKELLEIVKRTKEHLKKTGKLREEDIERIKELYEKNPELVELVLEELKVEGKTEEVKILEELLKKAK,85.84792918454936,9.46333429198927,4.048920409752511,936,1.0042918454935623,4.87437220226446,7.464496311027296,,1.0,0.48715281219886625,0.7435764060994331, 0.840,-1.112727272727274
68,2043,afm_4cema00_2.pdb_partialdiff_0_seq_19.pdb.pdb,MKEEVLKIVEEKKRRKKMLEELKEFKKKIEELKKKGEPVNKEKMKKEEAEKLIKEIEKGDEKALEELIKLLETKDVSEFAEEILKALLKLLLKGGNTELCILAILKLCALYPELVEPVVEEIIKRIKELMLDPSSKPEEVARLMELLCMMLLAGLIPQEEGVERIIELLKECLELLTDSAADARKLLAMLKTLKEMLLPVETEELRKALEELGLELMEPEGISPELQKKLEEALKEVGEALLRRLAARREELEAEIRRLEEAKRAGVVDPAEAERRIAELRRLAEEYAALIEELCRELGLEAPEVV,85.26422920065252,11.023281420219435,3.783529897264285,2466,1.0057096247960848,12.103429386640949,18.532949765081497,,1.0,0.7731565791143948,0.8865782895571974, 0.791,-0.29019607843137335
69,3527,metric_3fkhd00_1.pdb_partialdiff_5_seq_21.pdb.pdb,MEEALELLKKLEKVKITVEINGKKYELEAKVVFKDKTIYLISEEVPKLLEAGLPENFEFEIEEEVDGKKLTAKIKAKFSLLTTEEEQKEAEEAGLVIENEKPSDKVVKLEIEKLELKLEDL,86.59774028629857,9.663578548571657,3.473645313906283,986,1.0081799591002043,4.31015878141284,8.260892620837998,,1.0,0.5427704007238366,0.7713852003619184, 0.939,-0.45371900826446276
70,5441,metric_2vkja00_0.pdb_partialdiff_2_seq_39.pdb.pdb,GAAAKAAEEKEKREELKEAIKTKSEEEVEKLAKELGVSPEEKEELKEEVKKELEEEIEKARKEGDKKKEIELLEKLAKLTEDEEEKEKIEKEIEKLKKEL,89.85798041615666,9.615961618712774,4.904544882902783,817,1.0,4.12117707301085,7.294950623203789,,1.0,1.0,1.0, 0.883,-1.4870000000000008
71,2407,afm_3kzqa00_9.pdb_partialdiff_0_seq_4.pdb.pdb,GKVKIVFLFDLTDPESVLLALKLLEASKELPEEVELILVQKVENGPEAREISEEEREKILKGFEEVCKELGLEINTKRWEEEPVYVNEELGEKTLAIMELLGADYDTLAELLRLMIEEALLPATREEVLEALEKIGFDREEVEELFDSEELKKLIEERRKLQEKLGLKEVGELVIEYNGKILKLKLEKMSVEELTKKILEEIEKLK,88.61374105011933,9.242901154798885,3.0011339360886744,1691,1.0089498806682575,10.669434033750225,14.456360581013442,,0.9529527458422072,0.9375744442227284,0.9452635950324678, 0.911,-0.3300970873786408
72,3782,metric_4gyta00_3.pdb_partialdiff_7_seq_18.pdb.pdb,VVYTPTLDEAEELIKELGLKISAEELLAEFLYAVATGKVKEFEEELRKLAEKVGKEEAFKIVERIIKKAREVEEALKDPSAEVKLGIIKEDESPKTNLKNLQSVTKKLLELLKKEGLLEKLKKTPEMKKLIEELEKLISLDVSEFKDSKEDIEKVKKLIEKLVELTLELLREVTKLV,92.0522159887798,8.137942513258839,3.305678466905073,1435,1.006311360448808,7.755234840629643,11.940224209319243,,1.0,1.0,1.0, 0.845,-0.3491525423728817
73,3268,afm_5t76a_5.pdb_partialdiff_9_seq_33.pdb.pdb,SMKKILEELEKLLEELKKILEEVKKKGKVTEEELKKAEEIVEKIKKLLTKDKKSQEILKEAEKILEELKELKKKQEEELKKELLEKLKEEAKKRKGAKILVYELPSSVSTEEAKEIAKEVVEEFKDDILAVILIREREGVYELVVAVSDKLLELGFDLEKLAEELRERLGLEVEVEENTLIIRGRTKEKIEEALKYIVEEIKKILGL,88.69563347083088,9.777567188830082,4.072060613348667,1702,1.002946375957572,7.989474354044756,13.758575940661824,,1.0,0.8960704638744792,0.9480352319372396, 0.876,-0.5642512077294696
74,291,afm_d2hj2a1_5.pdb_partialdiff_0_seq_11.pdb.pdb,MLSIEEIEKKLEEKLKEKLEKKYPEIKVEVKVKIEPGKITVEIKSTLELPEDIEEWIKEAMEELGITYEDLGIKEEDLVIEVKVEKLSEEEIKELE,80.8683606557377,8.7223574381502,3.2716582835319987,799,1.0075662042875158,4.428350921730815,6.945056564627733,,1.0,0.35953279917230796,0.679766399586154, 0.939,-0.6041666666666666
75,5487,metric_6s0xt_9.pdb_partialdiff_1_seq_36.pdb.pdb,MEEKEKKEKEEKEKKEKEKALKELEELKKKTLEAKEKGSKEFKELLEEFKKKLEECKEKGYLSEEEIKELEELLKKLE,90.70617117117118,9.925408871067953,2.6738204478331618,668,1.003003003003003,2.452308770213305,5.887567601938916,,1.0,0.8856192559659449,0.9428096279829725, 0.848,-1.746153846153847
76,5962,afm_d3o07a__6.pdb_partialdiff_9_seq_36.pdb.pdb,MKTKLTLLCTTLEDAEIAAEAGVDIIMLARASLAEARRLGLEELAPSDELLEEVRKRIDGEIMVVVRADDAETVRRAAELGVDEVLLLRLGRELDPEVVRIAHEAGVRVAMVAETPAEVARAVAAGADIVVLPVRRGEDVRETIARQKEELEEFLRRLRAARTEEELRRLAEELGLSLPVVRELAALEELPVEFWLGFEEPSVEAVAAAIEAGYPRIEIFESLSKLPDPREVVRLLVEVVRDPSSVEAATARLEAILAR,89.41403290129611,8.549518219318449,4.438409024160358,2025,1.0094715852442673,14.356299101857068,19.194749700345877,,1.0,1.0,1.0, 0.695,0.06833976833976843
77,971,afm_3zc0d00_2.pdb_partialdiff_3_seq_17.pdb.pdb,MEEKRKKEEEKKKEEEKKLEEFKKELEEKLKEFLEALKAGDEEKAKKILEELKKLLEELKKKYEEDKKYEEELKLTEIAYYTMELLYAVSKGEIVTELPEEVSLEDEYEILVLTIKALLELAEDAIEKGDFEKAKLLLEAAEALIEKLKELKEELKEKKEEIEKEIKELEEELKKLKEKLKEAE,90.37802333117304,9.463270058589153,4.0800183236133,1552,1.0058327932598834,7.488194327784553,12.505949599216573,,0.9816791734554642,1.0,0.9908395867277321, 0.883,-1.009782608695653
78,2192,afm_d5cdka1_3.pdb_partialdiff_8_seq_41.pdb.pdb,MLEFKVEEILAKINPEEKELELKGVKVIGILGEEVDVEEVKKILEEYKKEGKKVLVIAYNANEEVMKILFEYSKEGKVTVLKLYCPGDEKTLYEIIMILARIGGGEIIAPKELQPLVEEFKKIKIKAEKFIISEEKLKVYIEEESIEKLKELLKKLIEEYEKKGDKKSAEIFKELLKQLE,86.16851700680272,10.373820244818225,4.75855377708735,1484,1.0095238095238095,9.404394150844192,12.8695351512291,,1.0,0.7184933736040072,0.8592466868020037, 0.844,-0.30388888888888876
79,3840,afm_d3o07a__8.pdb_partialdiff_6_seq_20.pdb.pdb,MKMELLVEVTRLEDLKAAEKVGVERILVSSEDLEEAIKKGEEVKPLSLEELKEFKEAAKAKLIVVIRQGDKESAKIAEEAGVDELAFTDLLPPIDEKEALKSEELGMKLTAFVKTVEEAIKAMAEGYDTIIFLAGPSEESLKEAIKKYEELLKEIEEIKKIKDEKELKKICEKLGISLETLKKVVENFEEKYEVLTMAEVETLEEALLAMELGVDILLIRQSTLDKLGVETALRGFKLLLETGGDREKLEEFLREEKEK,85.82457337883959,10.050542538485452,4.220691459552431,2064,1.0063383715260847,14.311191494720305,17.415715192416844,,1.0,0.7515301928457631,0.8757650964228816, 0.864,-0.2814671814671816
80,3789,metric_3d3qb02_8.pdb_partialdiff_3_seq_41.pdb.pdb,SMARRKALKEELEKLSKEELFEKIKELDPETAKLFKEDEVELMREILFRYEMEGKSVKEIYEELKKK,91.38447552447552,7.938488801591276,3.936246967801832,577,1.0087412587412588,3.147024236374208,4.868313002046544,,1.0,0.8717838081129967,0.9358919040564984, 0.775,-1.0044776119402985
81,3481,metric_d6hcia__3.pdb_partialdiff_0_seq_12.pdb.pdb,MVKIKKVEAEEDIEVKAGETVTIKIKVETEKEEEFEAEVKVLGGEAPENLELKKLSKNEFEITLTAKEAGAVYELEVTLKGKESGEVVKVKITIKVY,88.41841897233202,9.126154714430609,4.809195651732797,763,1.005270092226614,4.243240764454312,6.776281711644255,,0.9008834085184048,0.6892031112109552,0.7950432598646799, 1.000,-0.3515463917525772
82,1844,afm_d2hyva__7.pdb_partialdiff_1_seq_14.pdb.pdb,VDVRAEAERIVREILSGEMSEVELVVRFCSLSREARREVLRLIREEMSPEVREAVEARLSPETRLLLEYLSLSLPELLIEAIKLLVEKGEKYFELVCTLLILMSKEEAKEFFKMIEEKGLEEVVEKALAVLSPEKARVFKILLNYLKNEAKENISEEEKEKIVNKLLEDIKKNGKISIELLEEVFLTFSLKEIKEIFEKLCKKLGISLEELIEKYLSPVLALLVQNILLKADDPVAALAELLLKLLKDPNASYEELCLVFAAAERLGLERIIKLIKEKYGKSLADLIRENRKDRFGDILVAVVESVE,88.45935327405012,8.834798613708125,3.697589036670328,2498,1.0097008892481811,17.104292962716094,20.13927265657935,,1.0,0.8936538559483769,0.9468269279741884, 0.752,0.04397394136807826
83,1729,metric_6iwva_5.pdb_partialdiff_6_seq_2.pdb.pdb,DAAARAARAREIVRLELEGRTAEAAALRAALPADVRIDWAAARAAVEAARAEAARAAA,91.26503579952268,7.239132338909576,3.870621067085614,421,1.0047732696897376,2.2200985074881894,4.122762405651958,,1.0,0.9129977146217116,0.9564988573108558, 0.630,0.06034482758620691
84,4981,afm_4cema00_8.pdb_partialdiff_2_seq_21.pdb.pdb,SEKELEEKRRKLEEKLERLLETLKECEENKKKIPEIKEDKKYVDKKEDIEEAEKLAEKKTEEDLKKIKEMKEKLSPFTLNRYLLELLLNMEVSEEKLEEVCLEICKLLSINPDLVEPVVEKLKNEILSQLESGKIDKNLLKKNLYLLAMLTFFGLLKLEDFLKTVKEVFEKLLKLAEKDPKYLEYLKLLIEVLEEVFPVCASPEEKELLKGNKAYEELLKKLSEEDKEKIKKLYEEMLKKLVELLEKKIEELEKEIKELKEKIKKSGKVSKEDEEKIKELEEEKKKLQELLNEAKKKLGEEVEVEE,86.99763622108976,10.424705942087074,4.4560915953571705,2570,1.0074480595844766,12.664561435060069,19.37663766011146,,1.0,1.0,1.0, 0.785,-0.8000000000000006
85,2991,metric_d1ayea2_9.pdb_partialdiff_3_seq_41.pdb.pdb,MKMKKHIIEVEIKNEEQMEELYKYIEENKDKIEVLEEAKKPGDKVILLVEEDLLEKLLKKCKELGMEVEILEEDVEGKKEEEKKKEEELEKA,87.3770664928292,9.474369540920536,2.7521851740154704,770,1.0039113428943938,4.041363246402614,5.763976638769038,,1.0,0.67860598749007,0.8393029937450349, 0.909,-1.0152173913043483
86,4790,metric_1c4ka04_0.pdb_partialdiff_1_seq_11.pdb.pdb,SKLSEEEKKKLEEIEKKFSKKKRELSEEQLEKARELGLGEWVLVEDLEGHVLLEDIYNAVTGKVLVEAGMLIDKETAELLKEYFDILLKNPELAEKLKEIKIVEIDGKKKLEVLAVSLEKLKEAGIIK,87.32703200775946,8.809956289519622,3.9677174198937273,1038,1.0067895247332688,5.148364863492663,9.324118005211949,,1.0,0.8451813022608541,0.922590651130427, 0.935,-0.40781250000000013
87,991,afm_5i29a_6.pdb_partialdiff_3_seq_12.pdb.pdb,MEKELEELKEKVIKKLEEKVEKSELKDIIRKPPTKEIEKKLKKEIPNVIFFDDLIEKIRKGELVSAEEIIKLLEEQKKKIKELFPESDEIAQKYIKALEEMIKIVEELKEDLEKLEKLLKEKEEKERKLKELLEA,88.45456942003516,8.350569308375357,3.4316387236855905,1145,1.006151142355009,6.060154329045485,9.584283669307029,,1.0,1.0,1.0, 0.817,-0.862222222222223
88,3051,afm_4mkib00_9.pdb_partialdiff_1_seq_12.pdb.pdb,GKITIELGKKEIKDEKGNVVQKFEENKIELNYGEFVLVVIDESLNGSYLTKLLAGEIDPKKIYFEETGIDLTDPSVTEKERERLVGGLTKPASDVELPETLEEALREIAEELGRSFEEVREEGLRILKLLGLPESILSRPISSLSDAEKVLIVVALEVLRGKKVIVANEFVSKLSEEEKREVLERIKKLCKETGVVFIDVAKKAKVALEVADKVIIIKDGKLVLQASREEALKKVELLEEAGVVLSETEKEVIKRIKEGSEIKLSDLEKEKIEEILKKEEEKK,85.93672776039338,10.93652174970433,4.099729235310903,2251,1.0062583817612871,16.774958129028757,18.143232004971946,,1.0,1.0,1.0, 0.853,-0.2943462897526502
89,1563,afm_d1dkga1_2.pdb_partialdiff_4_seq_29.pdb.pdb,MEVKRYEGATLPIDGVEVKEVTEEEGGEEGVLTGAEVEEYYENGKLVKKVAYNATVGKA,75.75173719376392,9.22636866117164,4.517147902700382,452,1.0066815144766148,2.660365839608249,3.950381991864976,,,,, 0.986,-0.5440677966101698
90,3302,metric_5t51b_2.pdb_partialdiff_3_seq_27.pdb.pdb,IEEKKKELEEEKKKLEEELKEEEKEETIKKKYPEESKSKENLEKLKKEIEEENKKKREEFKKEIEKKEKELEELKKKEEEKKKEKEKLE,86.93415816326531,9.750998248952254,5.630525872183766,786,1.0025510204081634,2.6264785952923786,5.65240001241335,,1.0,1.0,1.0, 0.893,-2.4303370786516867
91,4178,afm_d2oxqc__7.pdb_partialdiff_4_seq_22.pdb.pdb,MKVIAEVDGKKVEVKEVVRAPDGTLLPKEYLEEKLKENGGVVEINGKEYKLEDFEVDEELNKKIEELRKKQ,84.63722222222222,9.40686880913466,3.193793142294085,580,1.0069444444444444,2.847809670767071,5.243751487186838,,1.0,0.0,0.5, 0.973,-0.8802816901408451
92,3883,metric_4b0fb00_6.pdb_conditioning_2_seq_38.pdb.pdb,MEKLKKEIEEVEKEIEEERKKLEEDEEENKKKLEELEKKLKELKKKLKELE,83.72912556053812,10.45783041488273,7.903608718339847,444,0.9955156950672646,1.3471449585631183,2.3147387481720205,,,,, 0.883,-1.929411764705884
